Hour,Year,Sum of RegionENSGW
,2035,125.50000000000003
,2033,36.70000000000006
0.002777777777777778,2035,8.9
0.005555555555555556,2035,8.6
0.008333333333333333,2035,8.6
0.011111111111111112,2035,8.3
0.013888888888888888,2035,8.1
0.016666666666666666,2035,8
0.019444444444444445,2035,7.9
0.022222222222222223,2035,7.6
0.025,2035,7.3
0.027777777777777776,2035,7.1
0.030555555555555555,2035,7
0.03333333333333333,2035,7
0.03611111111111111,2035,7
0.03888888888888889,2035,6.9
0.041666666666666664,2035,6.8
0.044444444444444446,2035,6.8
0.04722222222222222,2035,6.8
0.05,2035,6.7
0.05277777777777778,2035,6.7
0.05555555555555555,2035,6.7
0.058333333333333334,2035,6.6
0.06111111111111111,2035,6.5
0.06388888888888888,2035,6.5
0.06666666666666667,2035,6.5
0.06944444444444445,2035,6.5
0.07222222222222222,2035,6.5
0.075,2035,6.5
0.07777777777777778,2035,6.5
0.08055555555555556,2035,6.4
0.08333333333333333,2035,6.4
0.08611111111111111,2035,6.4
0.08888888888888889,2035,6.4
0.09166666666666666,2035,6.3
0.09444444444444444,2035,6.3
0.09722222222222222,2035,6.3
0.1,2035,6.3
0.10277777777777777,2035,6.3
0.10555555555555556,2035,6.3
0.10833333333333334,2035,6.3
0.1111111111111111,2035,6.2
0.11388888888888889,2035,6.2
0.11666666666666667,2035,6.2
0.11944444444444445,2035,6.2
0.12222222222222222,2035,6.1
0.125,2035,6.1
0.12777777777777777,2035,6.1
0.13055555555555556,2035,6.1
0.13333333333333333,2035,6.1
0.1361111111111111,2035,6.1
0.1388888888888889,2035,6.1
0.14166666666666666,2035,6
0.14444444444444443,2035,6
0.14722222222222223,2035,6
0.15,2035,5.9
0.1527777777777778,2035,5.9
0.15555555555555556,2035,5.9
0.15833333333333333,2035,5.9
0.16111111111111112,2035,5.9
0.1638888888888889,2035,5.9
0.16666666666666666,2035,5.9
0.16944444444444445,2035,5.9
0.17222222222222222,2035,5.9
0.175,2035,5.9
0.17777777777777778,2035,5.8
0.18055555555555555,2035,5.8
0.18333333333333332,2035,5.8
0.18611111111111112,2035,5.8
0.18888888888888888,2035,5.8
0.19166666666666668,2035,5.8
0.19444444444444445,2035,5.8
0.19722222222222222,2035,5.7
0.2,2035,5.7
0.20277777777777778,2035,5.7
0.20555555555555555,2035,5.7
0.20833333333333334,2035,5.7
0.2111111111111111,2035,5.7
0.21388888888888888,2035,5.7
0.21666666666666667,2035,5.6
0.21944444444444444,2035,5.6
0.2222222222222222,2035,5.6
0.225,2035,5.6
0.22777777777777777,2035,5.6
0.23055555555555557,2035,5.6
0.23333333333333334,2035,5.5
0.2361111111111111,2035,5.5
0.2388888888888889,2035,5.5
0.24166666666666667,2035,5.5
0.24444444444444444,2035,5.4
0.24722222222222223,2035,5.4
0.25,2035,5.4
0.25277777777777777,2035,5.4
0.25555555555555554,2035,5.4
0.25833333333333336,2035,5.4
0.2611111111111111,2035,5.3
0.2638888888888889,2035,5.3
0.26666666666666666,2035,5.3
0.26944444444444443,2035,5.3
0.2722222222222222,2035,5.3
0.275,2035,5.3
0.2777777777777778,2035,5.3
0.28055555555555556,2035,5.2
0.2833333333333333,2035,5.2
0.2861111111111111,2035,5.2
0.28888888888888886,2035,5.2
0.2916666666666667,2035,5.1
0.29444444444444445,2035,5.1
0.2972222222222222,2035,5.1
0.3,2035,5.1
0.30277777777777776,2035,5.1
0.3055555555555556,2035,5
0.30833333333333335,2035,5
0.3111111111111111,2035,5
0.3138888888888889,2035,5
0.31666666666666665,2035,5
0.3194444444444444,2035,4.9
0.32222222222222224,2035,4.9
0.325,2035,4.9
0.3277777777777778,2035,4.9
0.33055555555555555,2035,4.9
0.3333333333333333,2035,4.9
0.33611111111111114,2035,4.8
0.3388888888888889,2035,4.7
0.3416666666666667,2035,4.7
0.34444444444444444,2035,4.7
0.3472222222222222,2035,4.7
0.35,2035,4.7
0.3527777777777778,2035,4.6
0.35555555555555557,2035,4.6
0.35833333333333334,2035,4.5
0.3611111111111111,2035,4.5
0.3638888888888889,2035,4.5
0.36666666666666664,2035,4.4
0.36944444444444446,2035,4.4
0.37222222222222223,2035,4.4
0.375,2035,4.3
0.37777777777777777,2035,4.3
0.38055555555555554,2035,4.3
0.38333333333333336,2035,4.3
0.3861111111111111,2035,4.2
0.3888888888888889,2035,4.2
0.39166666666666666,2035,4.2
0.39444444444444443,2035,4.2
0.3972222222222222,2035,4.2
0.4,2035,4.2
0.4027777777777778,2035,4.2
0.40555555555555556,2035,4.2
0.4083333333333333,2035,4.2
0.4111111111111111,2035,4.1
0.41388888888888886,2035,4.1
0.4166666666666667,2035,4.1
0.41944444444444445,2035,4.1
0.4222222222222222,2035,4.1
0.425,2035,4
0.42777777777777776,2035,4
0.4305555555555556,2035,4
0.43333333333333335,2035,4
0.4361111111111111,2035,4
0.4388888888888889,2035,4
0.44166666666666665,2035,3.9
0.4444444444444444,2035,3.9
0.44722222222222224,2035,3.9
0.45,2035,3.9
0.4527777777777778,2035,3.9
0.45555555555555555,2035,3.9
0.4583333333333333,2035,3.9
0.46111111111111114,2035,3.9
0.4638888888888889,2035,3.8
0.4666666666666667,2035,3.8
0.46944444444444444,2035,3.8
0.4722222222222222,2035,3.8
0.475,2035,3.8
0.4777777777777778,2035,3.8
0.48055555555555557,2035,3.7
0.48333333333333334,2035,3.7
0.4861111111111111,2035,3.7
0.4888888888888889,2035,3.7
0.49166666666666664,2035,3.7
0.49444444444444446,2035,3.7
0.49722222222222223,2035,3.7
0.5,2035,3.7
0.5027777777777778,2035,3.7
0.5055555555555555,2035,3.7
0.5083333333333333,2035,3.7
0.5111111111111111,2035,3.6
0.5138888888888888,2035,3.6
0.5166666666666667,2035,3.6
0.5194444444444445,2035,3.6
0.5222222222222223,2035,3.6
0.525,2035,3.6
0.5277777777777778,2035,3.6
0.5305555555555556,2035,3.6
0.5333333333333333,2035,3.6
0.5361111111111111,2035,3.6
0.5388888888888889,2035,3.5
0.5416666666666666,2035,3.5
0.5444444444444444,2035,3.5
0.5472222222222223,2035,3.5
0.55,2035,3.5
0.5527777777777778,2035,3.5
0.5555555555555556,2035,3.5
0.5583333333333333,2035,3.5
0.5611111111111111,2035,3.5
0.5638888888888889,2035,3.5
0.5666666666666667,2035,3.5
0.5694444444444444,2035,3.5
0.5722222222222222,2035,3.4
0.575,2035,3.4
0.5777777777777777,2035,3.4
0.5805555555555556,2035,3.4
0.5833333333333334,2035,3.4
0.5861111111111111,2035,3.4
0.5888888888888889,2035,3.4
0.5916666666666667,2035,3.4
0.5944444444444444,2035,3.4
0.5972222222222222,2035,3.4
0.6,2035,3.4
0.6027777777777777,2035,3.4
0.6055555555555555,2035,3.4
0.6083333333333333,2035,3.4
0.6111111111111112,2035,3.4
0.002777777777777778,2030,3.3
0.6138888888888889,2035,3.3
0.6166666666666667,2035,3.3
0.6194444444444445,2035,3.3
0.6222222222222222,2035,3.3
0.625,2035,3.3
0.6277777777777778,2035,3.3
0.6305555555555555,2035,3.3
0.6333333333333333,2035,3.3
0.6361111111111111,2035,3.3
0.6388888888888888,2035,3.3
0.6416666666666667,2035,3.3
0.6444444444444445,2035,3.2
0.6472222222222223,2035,3.2
0.65,2035,3.2
0.6527777777777778,2035,3.2
0.6555555555555556,2035,3.2
0.6583333333333333,2035,3.2
0.6611111111111111,2035,3.2
0.6638888888888889,2035,3.2
0.6666666666666666,2035,3.2
0.6694444444444444,2035,3.2
0.6722222222222223,2035,3.2
0.675,2035,3.2
0.005555555555555556,2030,3.1
0.6777777777777778,2035,3.1
0.6805555555555556,2035,3.1
0.6833333333333333,2035,3.1
0.6861111111111111,2035,3.1
0.6888888888888889,2035,3.1
0.6916666666666667,2035,3.1
0.6944444444444444,2035,3.1
0.6972222222222222,2035,3.1
0.7,2035,3.1
0.7027777777777777,2035,3.1
0.008333333333333333,2030,3
0.7055555555555556,2035,3
0.7083333333333334,2035,3
0.7111111111111111,2035,3
0.7138888888888889,2035,3
0.7166666666666667,2035,3
0.7194444444444444,2035,3
0.7222222222222222,2035,3
0.725,2035,3
0.7277777777777777,2035,3
0.7305555555555555,2035,3
0.7333333333333333,2035,3
0.7361111111111112,2035,3
0.011111111111111112,2030,2.9
0.013888888888888888,2030,2.9
0.016666666666666666,2030,2.9
0.7388888888888889,2035,2.9
0.7416666666666667,2035,2.9
0.7444444444444445,2035,2.9
0.7472222222222222,2035,2.9
0.75,2035,2.9
0.7527777777777778,2035,2.9
0.7555555555555555,2035,2.9
0.7583333333333333,2035,2.9
0.7611111111111111,2035,2.9
0.7638888888888888,2035,2.9
0.7666666666666667,2035,2.9
0.7694444444444445,2035,2.9
0.7722222222222223,2035,2.9
0.019444444444444445,2030,2.8
0.775,2035,2.8
0.7777777777777778,2035,2.8
0.7805555555555556,2035,2.8
0.7833333333333333,2035,2.8
0.7861111111111111,2035,2.8
0.7888888888888889,2035,2.8
0.7916666666666666,2035,2.8
0.7944444444444444,2035,2.8
0.7972222222222223,2035,2.8
0.8,2035,2.8
0.8027777777777778,2035,2.8
0.8055555555555556,2035,2.8
0.8083333333333333,2035,2.8
0.8111111111111111,2035,2.7
0.8138888888888889,2035,2.7
0.8166666666666667,2035,2.7
0.8194444444444444,2035,2.7
0.8222222222222222,2035,2.7
0.825,2035,2.7
0.8277777777777777,2035,2.7
0.8305555555555556,2035,2.7
0.8333333333333334,2035,2.7
0.022222222222222223,2030,2.6
0.025,2030,2.6
0.027777777777777776,2030,2.6
0.8361111111111111,2035,2.6
0.8388888888888889,2035,2.6
0.8416666666666667,2035,2.6
0.8444444444444444,2035,2.6
0.8472222222222222,2035,2.6
0.85,2035,2.6
0.8527777777777777,2035,2.6
0.8555555555555555,2035,2.6
0.8583333333333333,2035,2.6
0.8611111111111112,2035,2.6
0.8638888888888889,2035,2.6
0.8666666666666667,2035,2.6
0.002777777777777778,2033,2.5
0.030555555555555555,2030,2.5
0.03333333333333333,2030,2.5
0.8694444444444445,2035,2.5
0.8722222222222222,2035,2.5
0.875,2035,2.5
0.8777777777777778,2035,2.5
0.8805555555555555,2035,2.5
0.8833333333333333,2035,2.5
0.8861111111111111,2035,2.5
0.8888888888888888,2035,2.5
0.8916666666666667,2035,2.5
0.005555555555555556,2033,2.4
0.8944444444444445,2035,2.4
0.8972222222222223,2035,2.4
0.9,2035,2.4
0.9027777777777778,2035,2.4
0.9055555555555556,2035,2.4
0.9083333333333333,2035,2.4
0.9111111111111111,2035,2.4
0.9138888888888889,2035,2.4
0.9166666666666666,2035,2.4
0.9194444444444444,2035,2.4
0.9222222222222223,2035,2.4
0.925,2035,2.4
0.9277777777777778,2035,2.4
0.9305555555555556,2035,2.4
0.9333333333333333,2035,2.4
0.008333333333333333,2033,2.3
0.03611111111111111,2030,2.3
0.03888888888888889,2030,2.3
0.041666666666666664,2030,2.3
0.044444444444444446,2030,2.3
0.04722222222222222,2030,2.3
0.9361111111111111,2035,2.3
0.9388888888888889,2035,2.3
0.9416666666666667,2035,2.3
0.9444444444444444,2035,2.3
0.9472222222222222,2035,2.3
0.95,2035,2.3
0.9527777777777777,2035,2.3
0.9555555555555556,2035,2.3
0.9583333333333334,2035,2.3
0.9611111111111111,2035,2.3
0.9638888888888889,2035,2.3
0.9666666666666667,2035,2.3
0.9694444444444444,2035,2.3
0.9722222222222222,2035,2.3
0.975,2035,2.3
0.9777777777777777,2035,2.3
0.011111111111111112,2033,2.2
0.013888888888888888,2033,2.2
0.016666666666666666,2033,2.2
0.019444444444444445,2033,2.2
0.022222222222222223,2033,2.2
0.05,2030,2.2
0.05277777777777778,2030,2.2
0.05555555555555555,2030,2.2
0.058333333333333334,2030,2.2
0.06111111111111111,2030,2.2
0.06388888888888888,2030,2.2
0.9805555555555555,2035,2.2
0.9833333333333333,2035,2.2
0.9861111111111112,2035,2.2
0.9888888888888889,2035,2.2
0.9916666666666667,2035,2.2
0.9944444444444445,2035,2.2
0.9972222222222222,2035,2.2
1,2035,2.2
1.0027777777777778,2035,2.2
1.0055555555555555,2035,2.2
1.0083333333333333,2035,2.2
1.011111111111111,2035,2.2
1.0138888888888888,2035,2.2
1.0166666666666666,2035,2.2
1.0194444444444444,2035,2.2
1.0222222222222221,2035,2.2
1.025,2035,2.2
1.0277777777777777,2035,2.2
1.0305555555555554,2035,2.2
1.0333333333333334,2035,2.2
0.025,2033,2.1
0.027777777777777776,2033,2.1
0.06666666666666667,2030,2.1
0.06944444444444445,2030,2.1
0.07222222222222222,2030,2.1
0.075,2030,2.1
0.07777777777777778,2030,2.1
0.08055555555555556,2030,2.1
0.08333333333333333,2030,2.1
1.0361111111111112,2035,2.1
1.038888888888889,2035,2.1
1.0416666666666667,2035,2.1
1.0444444444444445,2035,2.1
1.0472222222222223,2035,2.1
1.05,2035,2.1
1.0527777777777778,2035,2.1
1.0555555555555556,2035,2.1
1.0583333333333333,2035,2.1
1.0611111111111111,2035,2.1
1.0638888888888889,2035,2.1
1.0666666666666667,2035,2.1
1.0694444444444444,2035,2.1
1.0722222222222222,2035,2.1
1.075,2035,2.1
1.0777777777777777,2035,2.1
1.0805555555555555,2035,2.1
1.0833333333333333,2035,2.1
0.030555555555555555,2033,2
0.08611111111111111,2030,2
0.08888888888888889,2030,2
0.09166666666666666,2030,2
0.09444444444444444,2030,2
0.09722222222222222,2030,2
0.1,2030,2
1.086111111111111,2035,2
1.0888888888888888,2035,2
1.0916666666666666,2035,2
1.0944444444444446,2035,2
1.0972222222222223,2035,2
1.1,2035,2
1.1027777777777779,2035,2
1.1055555555555556,2035,2
1.1083333333333334,2035,2
1.1111111111111112,2035,2
1.113888888888889,2035,2
1.1166666666666667,2035,2
1.1194444444444445,2035,2
1.1222222222222222,2035,2
1.125,2035,2
1.1277777777777778,2035,2
1.1305555555555555,2035,2
1.1333333333333333,2035,2
1.136111111111111,2035,2
1.1388888888888888,2035,2
1.1416666666666666,2035,2
1.1444444444444444,2035,2
1.1472222222222221,2035,2
1.15,2035,2
1.1527777777777777,2035,2
0.03333333333333333,2033,1.9
0.03611111111111111,2033,1.9
0.10277777777777777,2030,1.9
0.10555555555555556,2030,1.9
0.10833333333333334,2030,1.9
0.1111111111111111,2030,1.9
1.1555555555555554,2035,1.9
1.1583333333333334,2035,1.9
1.1611111111111112,2035,1.9
1.163888888888889,2035,1.9
1.1666666666666667,2035,1.9
1.1694444444444445,2035,1.9
1.1722222222222223,2035,1.9
1.175,2035,1.9
1.1777777777777778,2035,1.9
1.1805555555555556,2035,1.9
1.1833333333333333,2035,1.9
1.1861111111111111,2035,1.9
1.1888888888888889,2035,1.9
1.1916666666666667,2035,1.9
1.1944444444444444,2035,1.9
1.1972222222222222,2035,1.9
1.2,2035,1.9
1.2027777777777777,2035,1.9
1.2055555555555555,2035,1.9
1.2083333333333333,2035,1.9
1.211111111111111,2035,1.9
1.2138888888888888,2035,1.9
1.2166666666666666,2035,1.9
1.2194444444444446,2035,1.9
1.2222222222222223,2035,1.9
1.225,2035,1.9
0.03888888888888889,2033,1.8
0.11388888888888889,2030,1.8
0.11666666666666667,2030,1.8
0.11944444444444445,2030,1.8
0.12222222222222222,2030,1.8
0.125,2030,1.8
0.12777777777777777,2030,1.8
0.13055555555555556,2030,1.8
0.13333333333333333,2030,1.8
1.2277777777777779,2035,1.8
1.2305555555555556,2035,1.8
1.2333333333333334,2035,1.8
1.2361111111111112,2035,1.8
1.238888888888889,2035,1.8
1.2416666666666667,2035,1.8
1.2444444444444445,2035,1.8
1.2472222222222222,2035,1.8
1.25,2035,1.8
1.2527777777777778,2035,1.8
1.2555555555555555,2035,1.8
1.2583333333333333,2035,1.8
1.261111111111111,2035,1.8
1.2638888888888888,2035,1.8
1.2666666666666666,2035,1.8
1.2694444444444444,2035,1.8
1.2722222222222221,2035,1.8
1.275,2035,1.8
1.2777777777777777,2035,1.8
1.2805555555555554,2035,1.8
1.2833333333333334,2035,1.8
0.041666666666666664,2033,1.7
0.044444444444444446,2033,1.7
0.1361111111111111,2030,1.7
0.1388888888888889,2030,1.7
0.14166666666666666,2030,1.7
0.14444444444444443,2030,1.7
0.14722222222222223,2030,1.7
0.15,2030,1.7
0.1527777777777778,2030,1.7
1.2861111111111112,2035,1.7
1.288888888888889,2035,1.7
1.2916666666666667,2035,1.7
1.2944444444444445,2035,1.7
1.2972222222222223,2035,1.7
1.3,2035,1.7
1.3027777777777778,2035,1.7
1.3055555555555556,2035,1.7
1.3083333333333333,2035,1.7
1.3111111111111111,2035,1.7
1.3138888888888889,2035,1.7
1.3166666666666667,2035,1.7
1.3194444444444444,2035,1.7
1.3222222222222222,2035,1.7
1.325,2035,1.7
1.3277777777777777,2035,1.7
1.3305555555555555,2035,1.7
1.3333333333333333,2035,1.7
1.336111111111111,2035,1.7
1.3388888888888888,2035,1.7
1.3416666666666666,2035,1.7
1.3444444444444446,2035,1.7
1.3472222222222223,2035,1.7
1.35,2035,1.7
1.3527777777777779,2035,1.7
1.3555555555555556,2035,1.7
1.3583333333333334,2035,1.7
1.3611111111111112,2035,1.7
1.363888888888889,2035,1.7
1.3666666666666667,2035,1.7
1.3694444444444445,2035,1.7
1.3722222222222222,2035,1.7
1.375,2035,1.7
1.3777777777777778,2035,1.7
1.3805555555555555,2035,1.7
1.3833333333333333,2035,1.7
1.386111111111111,2035,1.7
1.3888888888888888,2035,1.7
1.3916666666666666,2035,1.7
1.3944444444444444,2035,1.7
0.04722222222222222,2033,1.6
0.05,2033,1.6
0.05277777777777778,2033,1.6
0.05555555555555555,2033,1.6
0.15555555555555556,2030,1.6
0.15833333333333333,2030,1.6
0.16111111111111112,2030,1.6
0.1638888888888889,2030,1.6
0.16666666666666666,2030,1.6
0.16944444444444445,2030,1.6
0.17222222222222222,2030,1.6
0.175,2030,1.6
0.17777777777777778,2030,1.6
0.18055555555555555,2030,1.6
1.3972222222222221,2035,1.6
1.4,2035,1.6
1.4027777777777777,2035,1.6
1.4055555555555554,2035,1.6
1.4083333333333334,2035,1.6
1.4111111111111112,2035,1.6
1.413888888888889,2035,1.6
1.4166666666666667,2035,1.6
1.4194444444444445,2035,1.6
1.4222222222222223,2035,1.6
1.425,2035,1.6
1.4277777777777778,2035,1.6
1.4305555555555556,2035,1.6
1.4333333333333333,2035,1.6
1.4361111111111111,2035,1.6
1.4388888888888889,2035,1.6
1.4416666666666667,2035,1.6
1.4444444444444444,2035,1.6
1.4472222222222222,2035,1.6
1.45,2035,1.6
1.4527777777777777,2035,1.6
1.4555555555555555,2035,1.6
1.4583333333333333,2035,1.6
1.461111111111111,2035,1.6
1.4638888888888888,2035,1.6
1.4666666666666666,2035,1.6
1.4694444444444446,2035,1.6
1.4722222222222223,2035,1.6
1.475,2035,1.6
1.4777777777777779,2035,1.6
1.4805555555555556,2035,1.6
1.4833333333333334,2035,1.6
1.4861111111111112,2035,1.6
1.488888888888889,2035,1.6
1.4916666666666667,2035,1.6
1.4944444444444445,2035,1.6
1.4972222222222222,2035,1.6
1.5,2035,1.6
1.5027777777777778,2035,1.6
1.5055555555555555,2035,1.6
1.5083333333333333,2035,1.6
1.511111111111111,2035,1.6
1.5138888888888888,2035,1.6
1.5166666666666666,2035,1.6
1.5194444444444444,2035,1.6
1.5222222222222221,2035,1.6
1.525,2035,1.6
1.5277777777777777,2035,1.6
1.5305555555555554,2035,1.6
1.5333333333333334,2035,1.6
1.5361111111111112,2035,1.6
1.538888888888889,2035,1.6
1.5416666666666667,2035,1.6
0.058333333333333334,2033,1.5
0.06111111111111111,2033,1.5
0.06388888888888888,2033,1.5
0.06666666666666667,2033,1.5
0.18333333333333332,2030,1.5
0.18611111111111112,2030,1.5
0.18888888888888888,2030,1.5
0.19166666666666668,2030,1.5
0.19444444444444445,2030,1.5
0.19722222222222222,2030,1.5
0.2,2030,1.5
0.20277777777777778,2030,1.5
0.20555555555555555,2030,1.5
0.20833333333333334,2030,1.5
0.2111111111111111,2030,1.5
0.21388888888888888,2030,1.5
0.21666666666666667,2030,1.5
0.21944444444444444,2030,1.5
0.2222222222222222,2030,1.5
0.225,2030,1.5
0.22777777777777777,2030,1.5
0.23055555555555557,2030,1.5
0.23333333333333334,2030,1.5
1.5444444444444445,2035,1.5
1.5472222222222223,2035,1.5
1.55,2035,1.5
1.5527777777777778,2035,1.5
1.5555555555555556,2035,1.5
1.5583333333333333,2035,1.5
1.5611111111111111,2035,1.5
1.5638888888888889,2035,1.5
1.5666666666666667,2035,1.5
1.5694444444444444,2035,1.5
1.5722222222222222,2035,1.5
1.575,2035,1.5
1.5777777777777777,2035,1.5
1.5805555555555555,2035,1.5
1.5833333333333333,2035,1.5
1.586111111111111,2035,1.5
1.5888888888888888,2035,1.5
1.5916666666666666,2035,1.5
1.5944444444444446,2035,1.5
1.5972222222222223,2035,1.5
1.6,2035,1.5
1.6027777777777779,2035,1.5
1.6055555555555556,2035,1.5
1.6083333333333334,2035,1.5
1.6111111111111112,2035,1.5
1.613888888888889,2035,1.5
1.6166666666666667,2035,1.5
1.6194444444444445,2035,1.5
1.6222222222222222,2035,1.5
1.625,2035,1.5
1.6277777777777778,2035,1.5
1.6305555555555555,2035,1.5
1.6333333333333333,2035,1.5
1.636111111111111,2035,1.5
1.6388888888888888,2035,1.5
1.6416666666666666,2035,1.5
1.6444444444444444,2035,1.5
1.6472222222222221,2035,1.5
1.65,2035,1.5
1.6527777777777777,2035,1.5
1.6555555555555554,2035,1.5
1.6583333333333334,2035,1.5
1.6611111111111112,2035,1.5
1.663888888888889,2035,1.5
1.6666666666666667,2035,1.5
1.6694444444444445,2035,1.5
1.6722222222222223,2035,1.5
1.675,2035,1.5
1.6777777777777778,2035,1.5
1.6805555555555556,2035,1.5
1.6833333333333333,2035,1.5
1.6861111111111111,2035,1.5
1.6888888888888889,2035,1.5
1.6916666666666667,2035,1.5
1.6944444444444444,2035,1.5
0.06944444444444445,2033,1.4
0.07222222222222222,2033,1.4
0.075,2033,1.4
0.07777777777777778,2033,1.4
0.2361111111111111,2030,1.4
0.2388888888888889,2030,1.4
0.24166666666666667,2030,1.4
0.24444444444444444,2030,1.4
0.24722222222222223,2030,1.4
0.25,2030,1.4
0.25277777777777777,2030,1.4
0.25555555555555554,2030,1.4
0.25833333333333336,2030,1.4
0.2611111111111111,2030,1.4
0.2638888888888889,2030,1.4
0.26666666666666666,2030,1.4
0.26944444444444443,2030,1.4
0.2722222222222222,2030,1.4
0.275,2030,1.4
0.2777777777777778,2030,1.4
1.6972222222222222,2035,1.4
1.7,2035,1.4
1.7027777777777777,2035,1.4
1.7055555555555555,2035,1.4
1.7083333333333333,2035,1.4
1.711111111111111,2035,1.4
1.7138888888888888,2035,1.4
1.7166666666666666,2035,1.4
1.7194444444444446,2035,1.4
1.7222222222222223,2035,1.4
1.725,2035,1.4
1.7277777777777779,2035,1.4
1.7305555555555556,2035,1.4
1.7333333333333334,2035,1.4
1.7361111111111112,2035,1.4
1.738888888888889,2035,1.4
1.7416666666666667,2035,1.4
1.7444444444444445,2035,1.4
1.7472222222222222,2035,1.4
1.75,2035,1.4
1.7527777777777778,2035,1.4
1.7555555555555555,2035,1.4
1.7583333333333333,2035,1.4
1.761111111111111,2035,1.4
1.7638888888888888,2035,1.4
1.7666666666666666,2035,1.4
1.7694444444444444,2035,1.4
1.7722222222222221,2035,1.4
1.775,2035,1.4
1.7777777777777777,2035,1.4
1.7805555555555554,2035,1.4
1.7833333333333334,2035,1.4
1.7861111111111112,2035,1.4
1.788888888888889,2035,1.4
1.7916666666666667,2035,1.4
1.7944444444444445,2035,1.4
1.7972222222222223,2035,1.4
1.8,2035,1.4
1.8027777777777778,2035,1.4
1.8055555555555556,2035,1.4
1.8083333333333333,2035,1.4
1.8111111111111111,2035,1.4
1.8138888888888889,2035,1.4
1.8166666666666667,2035,1.4
1.8194444444444444,2035,1.4
1.8222222222222222,2035,1.4
1.825,2035,1.4
1.8277777777777777,2035,1.4
1.8305555555555555,2035,1.4
1.8333333333333333,2035,1.4
1.836111111111111,2035,1.4
1.8388888888888888,2035,1.4
1.8416666666666666,2035,1.4
1.8444444444444446,2035,1.4
1.8472222222222223,2035,1.4
1.85,2035,1.4
1.8527777777777779,2035,1.4
1.8555555555555556,2035,1.4
1.8583333333333334,2035,1.4
1.8611111111111112,2035,1.4
1.863888888888889,2035,1.4
1.8666666666666667,2035,1.4
1.8694444444444445,2035,1.4
1.8722222222222222,2035,1.4
1.875,2035,1.4
1.8777777777777778,2035,1.4
1.8805555555555555,2035,1.4
1.8833333333333333,2035,1.4
1.886111111111111,2035,1.4
1.8888888888888888,2035,1.4
0.08055555555555556,2033,1.3
0.08333333333333333,2033,1.3
0.08611111111111111,2033,1.3
0.08888888888888889,2033,1.3
0.09166666666666666,2033,1.3
0.09444444444444444,2033,1.3
0.28055555555555556,2030,1.3
0.2833333333333333,2030,1.3
0.2861111111111111,2030,1.3
0.28888888888888886,2030,1.3
0.2916666666666667,2030,1.3
0.29444444444444445,2030,1.3
0.2972222222222222,2030,1.3
0.3,2030,1.3
0.30277777777777776,2030,1.3
0.3055555555555556,2030,1.3
0.30833333333333335,2030,1.3
0.3111111111111111,2030,1.3
0.3138888888888889,2030,1.3
1.8916666666666666,2035,1.3
1.8944444444444444,2035,1.3
1.8972222222222221,2035,1.3
1.9,2035,1.3
1.9027777777777777,2035,1.3
1.9055555555555554,2035,1.3
1.9083333333333334,2035,1.3
1.9111111111111112,2035,1.3
1.913888888888889,2035,1.3
1.9166666666666667,2035,1.3
1.9194444444444445,2035,1.3
1.9222222222222223,2035,1.3
1.925,2035,1.3
1.9277777777777778,2035,1.3
1.9305555555555556,2035,1.3
1.9333333333333333,2035,1.3
1.9361111111111111,2035,1.3
1.9388888888888889,2035,1.3
1.9416666666666667,2035,1.3
1.9444444444444444,2035,1.3
1.9472222222222222,2035,1.3
1.95,2035,1.3
1.9527777777777777,2035,1.3
1.9555555555555555,2035,1.3
1.9583333333333333,2035,1.3
1.961111111111111,2035,1.3
1.9638888888888888,2035,1.3
1.9666666666666666,2035,1.3
1.9694444444444446,2035,1.3
1.9722222222222223,2035,1.3
1.975,2035,1.3
1.9777777777777779,2035,1.3
1.9805555555555556,2035,1.3
1.9833333333333334,2035,1.3
1.9861111111111112,2035,1.3
1.988888888888889,2035,1.3
1.9916666666666667,2035,1.3
1.9944444444444445,2035,1.3
1.9972222222222222,2035,1.3
2,2035,1.3
2.0027777777777778,2035,1.3
2.0055555555555555,2035,1.3
2.0083333333333333,2035,1.3
2.011111111111111,2035,1.3
2.013888888888889,2035,1.3
2.0166666666666666,2035,1.3
2.0194444444444444,2035,1.3
2.022222222222222,2035,1.3
2.025,2035,1.3
2.0277777777777777,2035,1.3
2.0305555555555554,2035,1.3
2.033333333333333,2035,1.3
2.036111111111111,2035,1.3
2.0388888888888888,2035,1.3
2.0416666666666665,2035,1.3
2.0444444444444443,2035,1.3
2.047222222222222,2035,1.3
2.05,2035,1.3
2.0527777777777776,2035,1.3
2.0555555555555554,2035,1.3
2.058333333333333,2035,1.3
2.061111111111111,2035,1.3
2.063888888888889,2035,1.3
2.066666666666667,2035,1.3
2.0694444444444446,2035,1.3
2.0722222222222224,2035,1.3
2.075,2035,1.3
2.077777777777778,2035,1.3
2.0805555555555557,2035,1.3
2.0833333333333335,2035,1.3
2.0861111111111112,2035,1.3
2.088888888888889,2035,1.3
2.091666666666667,2035,1.3
2.0944444444444446,2035,1.3
2.0972222222222223,2035,1.3
2.1,2035,1.3
2.102777777777778,2035,1.3
2.1055555555555556,2035,1.3
0.09722222222222222,2033,1.2
0.1,2033,1.2
0.10277777777777777,2033,1.2
0.10555555555555556,2033,1.2
0.31666666666666665,2030,1.2
0.3194444444444444,2030,1.2
0.32222222222222224,2030,1.2
0.325,2030,1.2
0.3277777777777778,2030,1.2
0.33055555555555555,2030,1.2
0.3333333333333333,2030,1.2
0.33611111111111114,2030,1.2
0.3388888888888889,2030,1.2
0.3416666666666667,2030,1.2
0.34444444444444444,2030,1.2
2.1083333333333334,2035,1.2
2.111111111111111,2035,1.2
2.113888888888889,2035,1.2
2.1166666666666667,2035,1.2
2.1194444444444445,2035,1.2
2.1222222222222222,2035,1.2
2.125,2035,1.2
2.1277777777777778,2035,1.2
2.1305555555555555,2035,1.2
2.1333333333333333,2035,1.2
2.136111111111111,2035,1.2
2.138888888888889,2035,1.2
2.1416666666666666,2035,1.2
2.1444444444444444,2035,1.2
2.147222222222222,2035,1.2
2.15,2035,1.2
2.1527777777777777,2035,1.2
2.1555555555555554,2035,1.2
2.158333333333333,2035,1.2
2.161111111111111,2035,1.2
2.1638888888888888,2035,1.2
2.1666666666666665,2035,1.2
2.1694444444444443,2035,1.2
2.172222222222222,2035,1.2
2.175,2035,1.2
2.1777777777777776,2035,1.2
2.1805555555555554,2035,1.2
2.183333333333333,2035,1.2
2.186111111111111,2035,1.2
2.188888888888889,2035,1.2
2.191666666666667,2035,1.2
2.1944444444444446,2035,1.2
2.1972222222222224,2035,1.2
2.2,2035,1.2
2.202777777777778,2035,1.2
2.2055555555555557,2035,1.2
2.2083333333333335,2035,1.2
2.2111111111111112,2035,1.2
2.213888888888889,2035,1.2
2.216666666666667,2035,1.2
2.2194444444444446,2035,1.2
2.2222222222222223,2035,1.2
2.225,2035,1.2
2.227777777777778,2035,1.2
2.2305555555555556,2035,1.2
2.2333333333333334,2035,1.2
2.236111111111111,2035,1.2
2.238888888888889,2035,1.2
2.2416666666666667,2035,1.2
2.2444444444444445,2035,1.2
2.2472222222222222,2035,1.2
2.25,2035,1.2
2.2527777777777778,2035,1.2
2.2555555555555555,2035,1.2
2.2583333333333333,2035,1.2
2.261111111111111,2035,1.2
2.263888888888889,2035,1.2
2.2666666666666666,2035,1.2
2.2694444444444444,2035,1.2
2.272222222222222,2035,1.2
2.275,2035,1.2
2.2777777777777777,2035,1.2
2.2805555555555554,2035,1.2
2.283333333333333,2035,1.2
2.286111111111111,2035,1.2
2.2888888888888888,2035,1.2
2.2916666666666665,2035,1.2
2.2944444444444443,2035,1.2
2.297222222222222,2035,1.2
2.3,2035,1.2
2.3027777777777776,2035,1.2
0.10833333333333334,2033,1.1
0.1111111111111111,2033,1.1
0.11388888888888889,2033,1.1
0.11666666666666667,2033,1.1
0.11944444444444445,2033,1.1
0.12222222222222222,2033,1.1
0.3472222222222222,2030,1.1
0.35,2030,1.1
0.3527777777777778,2030,1.1
0.35555555555555557,2030,1.1
0.35833333333333334,2030,1.1
0.3611111111111111,2030,1.1
0.3638888888888889,2030,1.1
0.36666666666666664,2030,1.1
0.36944444444444446,2030,1.1
0.37222222222222223,2030,1.1
0.375,2030,1.1
0.37777777777777777,2030,1.1
0.38055555555555554,2030,1.1
0.38333333333333336,2030,1.1
2.3055555555555554,2035,1.1
2.308333333333333,2035,1.1
2.311111111111111,2035,1.1
2.313888888888889,2035,1.1
2.316666666666667,2035,1.1
2.3194444444444446,2035,1.1
2.3222222222222224,2035,1.1
2.325,2035,1.1
2.327777777777778,2035,1.1
2.3305555555555557,2035,1.1
2.3333333333333335,2035,1.1
2.3361111111111112,2035,1.1
2.338888888888889,2035,1.1
2.341666666666667,2035,1.1
2.3444444444444446,2035,1.1
2.3472222222222223,2035,1.1
2.35,2035,1.1
2.352777777777778,2035,1.1
2.3555555555555556,2035,1.1
2.3583333333333334,2035,1.1
2.361111111111111,2035,1.1
2.363888888888889,2035,1.1
2.3666666666666667,2035,1.1
2.3694444444444445,2035,1.1
2.3722222222222222,2035,1.1
2.375,2035,1.1
2.3777777777777778,2035,1.1
2.3805555555555555,2035,1.1
2.3833333333333333,2035,1.1
2.386111111111111,2035,1.1
2.388888888888889,2035,1.1
2.3916666666666666,2035,1.1
2.3944444444444444,2035,1.1
2.397222222222222,2035,1.1
2.4,2035,1.1
2.4027777777777777,2035,1.1
2.4055555555555554,2035,1.1
2.408333333333333,2035,1.1
2.411111111111111,2035,1.1
2.4138888888888888,2035,1.1
2.4166666666666665,2035,1.1
2.4194444444444443,2035,1.1
2.422222222222222,2035,1.1
2.425,2035,1.1
2.4277777777777776,2035,1.1
2.4305555555555554,2035,1.1
2.433333333333333,2035,1.1
2.436111111111111,2035,1.1
2.438888888888889,2035,1.1
2.441666666666667,2035,1.1
2.4444444444444446,2035,1.1
2.4472222222222224,2035,1.1
2.45,2035,1.1
2.452777777777778,2035,1.1
2.4555555555555557,2035,1.1
2.4583333333333335,2035,1.1
2.4611111111111112,2035,1.1
2.463888888888889,2035,1.1
2.466666666666667,2035,1.1
2.4694444444444446,2035,1.1
2.4722222222222223,2035,1.1
2.475,2035,1.1
2.477777777777778,2035,1.1
2.4805555555555556,2035,1.1
2.4833333333333334,2035,1.1
2.486111111111111,2035,1.1
2.488888888888889,2035,1.1
2.4916666666666667,2035,1.1
2.4944444444444445,2035,1.1
2.4972222222222222,2035,1.1
2.5,2035,1.1
2.5027777777777778,2035,1.1
2.5055555555555555,2035,1.1
2.5083333333333333,2035,1.1
2.511111111111111,2035,1.1
2.513888888888889,2035,1.1
2.5166666666666666,2035,1.1
2.5194444444444444,2035,1.1
2.522222222222222,2035,1.1
2.525,2035,1.1
2.5277777777777777,2035,1.1
2.5305555555555554,2035,1.1
2.533333333333333,2035,1.1
2.536111111111111,2035,1.1
2.5388888888888888,2035,1.1
2.5416666666666665,2035,1.1
2.5444444444444443,2035,1.1
2.547222222222222,2035,1.1
2.55,2035,1.1
2.5527777777777776,2035,1.1
2.5555555555555554,2035,1.1
2.558333333333333,2035,1.1
2.561111111111111,2035,1.1
2.563888888888889,2035,1.1
2.566666666666667,2035,1.1
2.5694444444444446,2035,1.1
2.5722222222222224,2035,1.1
2.575,2035,1.1
2.577777777777778,2035,1.1
2.5805555555555557,2035,1.1
2.5833333333333335,2035,1.1
2.5861111111111112,2035,1.1
2.588888888888889,2035,1.1
0.125,2033,1
0.12777777777777777,2033,1
0.13055555555555556,2033,1
0.13333333333333333,2033,1
0.1361111111111111,2033,1
0.1388888888888889,2033,1
0.14166666666666666,2033,1
0.3861111111111111,2030,1
0.3888888888888889,2030,1
0.39166666666666666,2030,1
0.39444444444444443,2030,1
0.3972222222222222,2030,1
0.4,2030,1
0.4027777777777778,2030,1
0.40555555555555556,2030,1
0.4083333333333333,2030,1
0.4111111111111111,2030,1
0.41388888888888886,2030,1
0.4166666666666667,2030,1
0.41944444444444445,2030,1
0.4222222222222222,2030,1
0.425,2030,1
2.591666666666667,2035,1
2.5944444444444446,2035,1
2.5972222222222223,2035,1
2.6,2035,1
2.602777777777778,2035,1
2.6055555555555556,2035,1
2.6083333333333334,2035,1
2.611111111111111,2035,1
2.613888888888889,2035,1
2.6166666666666667,2035,1
2.6194444444444445,2035,1
2.6222222222222222,2035,1
2.625,2035,1
2.6277777777777778,2035,1
2.6305555555555555,2035,1
2.6333333333333333,2035,1
2.636111111111111,2035,1
2.638888888888889,2035,1
2.6416666666666666,2035,1
2.6444444444444444,2035,1
2.647222222222222,2035,1
2.65,2035,1
2.6527777777777777,2035,1
2.6555555555555554,2035,1
2.658333333333333,2035,1
2.661111111111111,2035,1
2.6638888888888888,2035,1
2.6666666666666665,2035,1
2.6694444444444443,2035,1
2.672222222222222,2035,1
2.675,2035,1
2.6777777777777776,2035,1
2.6805555555555554,2035,1
2.683333333333333,2035,1
2.686111111111111,2035,1
2.688888888888889,2035,1
2.691666666666667,2035,1
2.6944444444444446,2035,1
2.6972222222222224,2035,1
2.7,2035,1
2.702777777777778,2035,1
2.7055555555555557,2035,1
2.7083333333333335,2035,1
2.7111111111111112,2035,1
2.713888888888889,2035,1
2.716666666666667,2035,1
2.7194444444444446,2035,1
2.7222222222222223,2035,1
2.725,2035,1
2.727777777777778,2035,1
2.7305555555555556,2035,1
2.7333333333333334,2035,1
2.736111111111111,2035,1
2.738888888888889,2035,1
2.7416666666666667,2035,1
2.7444444444444445,2035,1
2.7472222222222222,2035,1
2.75,2035,1
2.7527777777777778,2035,1
2.7555555555555555,2035,1
2.7583333333333333,2035,1
2.761111111111111,2035,1
2.763888888888889,2035,1
2.7666666666666666,2035,1
2.7694444444444444,2035,1
2.772222222222222,2035,1
2.775,2035,1
2.7777777777777777,2035,1
2.7805555555555554,2035,1
2.783333333333333,2035,1
2.786111111111111,2035,1
2.7888888888888888,2035,1
2.7916666666666665,2035,1
2.7944444444444443,2035,1
2.797222222222222,2035,1
2.8,2035,1
2.8027777777777776,2035,1
2.8055555555555554,2035,1
2.808333333333333,2035,1
2.811111111111111,2035,1
2.813888888888889,2035,1
2.816666666666667,2035,1
2.8194444444444446,2035,1
2.8222222222222224,2035,1
2.825,2035,1
2.827777777777778,2035,1
2.8305555555555557,2035,1
2.8333333333333335,2035,1
2.8361111111111112,2035,1
2.838888888888889,2035,1
2.841666666666667,2035,1
2.8444444444444446,2035,1
2.8472222222222223,2035,1
2.85,2035,1
2.852777777777778,2035,1
2.8555555555555556,2035,1
2.8583333333333334,2035,1
2.861111111111111,2035,1
2.863888888888889,2035,1
2.8666666666666667,2035,1
0.14444444444444443,2033,0.9
0.14722222222222223,2033,0.9
0.15,2033,0.9
0.1527777777777778,2033,0.9
0.15555555555555556,2033,0.9
0.15833333333333333,2033,0.9
0.16111111111111112,2033,0.9
0.1638888888888889,2033,0.9
0.16666666666666666,2033,0.9
0.16944444444444445,2033,0.9
0.17222222222222222,2033,0.9
0.175,2033,0.9
0.42777777777777776,2030,0.9
0.4305555555555556,2030,0.9
0.43333333333333335,2030,0.9
0.4361111111111111,2030,0.9
0.4388888888888889,2030,0.9
0.44166666666666665,2030,0.9
0.4444444444444444,2030,0.9
0.44722222222222224,2030,0.9
0.45,2030,0.9
0.4527777777777778,2030,0.9
0.45555555555555555,2030,0.9
0.4583333333333333,2030,0.9
0.46111111111111114,2030,0.9
0.4638888888888889,2030,0.9
0.4666666666666667,2030,0.9
2.8694444444444445,2035,0.9
2.8722222222222222,2035,0.9
2.875,2035,0.9
2.8777777777777778,2035,0.9
2.8805555555555555,2035,0.9
2.8833333333333333,2035,0.9
2.886111111111111,2035,0.9
2.888888888888889,2035,0.9
2.8916666666666666,2035,0.9
2.8944444444444444,2035,0.9
2.897222222222222,2035,0.9
2.9,2035,0.9
2.9027777777777777,2035,0.9
2.9055555555555554,2035,0.9
2.908333333333333,2035,0.9
2.911111111111111,2035,0.9
2.9138888888888888,2035,0.9
2.9166666666666665,2035,0.9
2.9194444444444443,2035,0.9
2.922222222222222,2035,0.9
2.925,2035,0.9
2.9277777777777776,2035,0.9
2.9305555555555554,2035,0.9
2.933333333333333,2035,0.9
2.936111111111111,2035,0.9
2.938888888888889,2035,0.9
2.941666666666667,2035,0.9
2.9444444444444446,2035,0.9
2.9472222222222224,2035,0.9
2.95,2035,0.9
2.952777777777778,2035,0.9
2.9555555555555557,2035,0.9
2.9583333333333335,2035,0.9
2.9611111111111112,2035,0.9
2.963888888888889,2035,0.9
2.966666666666667,2035,0.9
2.9694444444444446,2035,0.9
2.9722222222222223,2035,0.9
2.975,2035,0.9
2.977777777777778,2035,0.9
2.9805555555555556,2035,0.9
2.9833333333333334,2035,0.9
2.986111111111111,2035,0.9
2.988888888888889,2035,0.9
2.9916666666666667,2035,0.9
2.9944444444444445,2035,0.9
2.9972222222222222,2035,0.9
3,2035,0.9
3.0027777777777778,2035,0.9
3.0055555555555555,2035,0.9
3.0083333333333333,2035,0.9
3.011111111111111,2035,0.9
3.013888888888889,2035,0.9
3.0166666666666666,2035,0.9
3.0194444444444444,2035,0.9
3.022222222222222,2035,0.9
3.025,2035,0.9
3.0277777777777777,2035,0.9
3.0305555555555554,2035,0.9
3.033333333333333,2035,0.9
3.036111111111111,2035,0.9
3.0388888888888888,2035,0.9
3.0416666666666665,2035,0.9
3.0444444444444443,2035,0.9
3.047222222222222,2035,0.9
3.05,2035,0.9
3.0527777777777776,2035,0.9
3.0555555555555554,2035,0.9
3.058333333333333,2035,0.9
3.061111111111111,2035,0.9
3.063888888888889,2035,0.9
3.066666666666667,2035,0.9
3.0694444444444446,2035,0.9
3.0722222222222224,2035,0.9
3.075,2035,0.9
3.077777777777778,2035,0.9
3.0805555555555557,2035,0.9
3.0833333333333335,2035,0.9
3.0861111111111112,2035,0.9
3.088888888888889,2035,0.9
3.091666666666667,2035,0.9
3.0944444444444446,2035,0.9
3.0972222222222223,2035,0.9
3.1,2035,0.9
3.102777777777778,2035,0.9
3.1055555555555556,2035,0.9
3.1083333333333334,2035,0.9
3.111111111111111,2035,0.9
3.113888888888889,2035,0.9
3.1166666666666667,2035,0.9
3.1194444444444445,2035,0.9
3.1222222222222222,2035,0.9
3.125,2035,0.9
3.1277777777777778,2035,0.9
3.1305555555555555,2035,0.9
3.1333333333333333,2035,0.9
3.136111111111111,2035,0.9
3.138888888888889,2035,0.9
3.1416666666666666,2035,0.9
3.1444444444444444,2035,0.9
3.147222222222222,2035,0.9
3.15,2035,0.9
3.1527777777777777,2035,0.9
3.1555555555555554,2035,0.9
3.158333333333333,2035,0.9
3.161111111111111,2035,0.9
3.1638888888888888,2035,0.9
3.1666666666666665,2035,0.9
3.1694444444444443,2035,0.9
3.172222222222222,2035,0.9
3.175,2035,0.9
3.1777777777777776,2035,0.9
3.1805555555555554,2035,0.9
0.17777777777777778,2033,0.8
0.18055555555555555,2033,0.8
0.18333333333333332,2033,0.8
0.18611111111111112,2033,0.8
0.18888888888888888,2033,0.8
0.19166666666666668,2033,0.8
0.19444444444444445,2033,0.8
0.19722222222222222,2033,0.8
0.2,2033,0.8
0.46944444444444444,2030,0.8
0.4722222222222222,2030,0.8
0.475,2030,0.8
0.4777777777777778,2030,0.8
0.48055555555555557,2030,0.8
0.48333333333333334,2030,0.8
0.4861111111111111,2030,0.8
0.4888888888888889,2030,0.8
0.49166666666666664,2030,0.8
0.49444444444444446,2030,0.8
0.49722222222222223,2030,0.8
0.5,2030,0.8
0.5027777777777778,2030,0.8
0.5055555555555555,2030,0.8
0.5083333333333333,2030,0.8
0.5111111111111111,2030,0.8
3.183333333333333,2035,0.8
3.186111111111111,2035,0.8
3.188888888888889,2035,0.8
3.191666666666667,2035,0.8
3.1944444444444446,2035,0.8
3.1972222222222224,2035,0.8
3.2,2035,0.8
3.202777777777778,2035,0.8
3.2055555555555557,2035,0.8
3.2083333333333335,2035,0.8
3.2111111111111112,2035,0.8
3.213888888888889,2035,0.8
3.216666666666667,2035,0.8
3.2194444444444446,2035,0.8
3.2222222222222223,2035,0.8
3.225,2035,0.8
3.227777777777778,2035,0.8
3.2305555555555556,2035,0.8
3.2333333333333334,2035,0.8
3.236111111111111,2035,0.8
3.238888888888889,2035,0.8
3.2416666666666667,2035,0.8
3.2444444444444445,2035,0.8
3.2472222222222222,2035,0.8
3.25,2035,0.8
3.2527777777777778,2035,0.8
3.2555555555555555,2035,0.8
3.2583333333333333,2035,0.8
3.261111111111111,2035,0.8
3.263888888888889,2035,0.8
3.2666666666666666,2035,0.8
3.2694444444444444,2035,0.8
3.272222222222222,2035,0.8
3.275,2035,0.8
3.2777777777777777,2035,0.8
3.2805555555555554,2035,0.8
3.283333333333333,2035,0.8
3.286111111111111,2035,0.8
3.2888888888888888,2035,0.8
3.2916666666666665,2035,0.8
3.2944444444444443,2035,0.8
3.297222222222222,2035,0.8
3.3,2035,0.8
3.3027777777777776,2035,0.8
3.3055555555555554,2035,0.8
3.308333333333333,2035,0.8
3.311111111111111,2035,0.8
3.313888888888889,2035,0.8
3.316666666666667,2035,0.8
3.3194444444444446,2035,0.8
3.3222222222222224,2035,0.8
3.325,2035,0.8
3.327777777777778,2035,0.8
3.3305555555555557,2035,0.8
3.3333333333333335,2035,0.8
3.3361111111111112,2035,0.8
3.338888888888889,2035,0.8
3.341666666666667,2035,0.8
3.3444444444444446,2035,0.8
3.3472222222222223,2035,0.8
3.35,2035,0.8
3.352777777777778,2035,0.8
3.3555555555555556,2035,0.8
3.3583333333333334,2035,0.8
3.361111111111111,2035,0.8
3.363888888888889,2035,0.8
3.3666666666666667,2035,0.8
3.3694444444444445,2035,0.8
3.3722222222222222,2035,0.8
3.375,2035,0.8
3.3777777777777778,2035,0.8
3.3805555555555555,2035,0.8
3.3833333333333333,2035,0.8
3.386111111111111,2035,0.8
3.388888888888889,2035,0.8
3.3916666666666666,2035,0.8
3.3944444444444444,2035,0.8
3.397222222222222,2035,0.8
3.4,2035,0.8
3.4027777777777777,2035,0.8
3.4055555555555554,2035,0.8
3.408333333333333,2035,0.8
3.411111111111111,2035,0.8
3.4138888888888888,2035,0.8
3.4166666666666665,2035,0.8
3.4194444444444443,2035,0.8
3.422222222222222,2035,0.8
3.425,2035,0.8
3.4277777777777776,2035,0.8
3.4305555555555554,2035,0.8
3.433333333333333,2035,0.8
3.436111111111111,2035,0.8
3.438888888888889,2035,0.8
3.441666666666667,2035,0.8
3.4444444444444446,2035,0.8
3.4472222222222224,2035,0.8
3.45,2035,0.8
3.452777777777778,2035,0.8
3.4555555555555557,2035,0.8
3.4583333333333335,2035,0.8
3.4611111111111112,2035,0.8
3.463888888888889,2035,0.8
3.466666666666667,2035,0.8
3.4694444444444446,2035,0.8
3.4722222222222223,2035,0.8
3.475,2035,0.8
3.477777777777778,2035,0.8
3.4805555555555556,2035,0.8
3.4833333333333334,2035,0.8
3.486111111111111,2035,0.8
3.488888888888889,2035,0.8
3.4916666666666667,2035,0.8
3.4944444444444445,2035,0.8
3.4972222222222222,2035,0.8
3.5,2035,0.8
3.5027777777777778,2035,0.8
3.5055555555555555,2035,0.8
3.5083333333333333,2035,0.8
3.511111111111111,2035,0.8
3.513888888888889,2035,0.8
3.5166666666666666,2035,0.8
3.5194444444444444,2035,0.8
3.522222222222222,2035,0.8
3.525,2035,0.8
3.5277777777777777,2035,0.8
3.5305555555555554,2035,0.8
3.533333333333333,2035,0.8
3.536111111111111,2035,0.8
3.5388888888888888,2035,0.8
3.5416666666666665,2035,0.8
3.5444444444444443,2035,0.8
3.547222222222222,2035,0.8
3.55,2035,0.8
3.5527777777777776,2035,0.8
3.5555555555555554,2035,0.8
3.558333333333333,2035,0.8
3.561111111111111,2035,0.8
3.563888888888889,2035,0.8
3.566666666666667,2035,0.8
3.5694444444444446,2035,0.8
3.5722222222222224,2035,0.8
3.575,2035,0.8
0.20277777777777778,2033,0.7
0.20555555555555555,2033,0.7
0.20833333333333334,2033,0.7
0.2111111111111111,2033,0.7
0.21388888888888888,2033,0.7
0.21666666666666667,2033,0.7
0.21944444444444444,2033,0.7
0.2222222222222222,2033,0.7
0.225,2033,0.7
0.22777777777777777,2033,0.7
0.23055555555555557,2033,0.7
0.23333333333333334,2033,0.7
0.2361111111111111,2033,0.7
0.2388888888888889,2033,0.7
0.5138888888888888,2030,0.7
0.5166666666666667,2030,0.7
0.5194444444444445,2030,0.7
0.5222222222222223,2030,0.7
0.525,2030,0.7
0.5277777777777778,2030,0.7
0.5305555555555556,2030,0.7
0.5333333333333333,2030,0.7
0.5361111111111111,2030,0.7
0.5388888888888889,2030,0.7
0.5416666666666666,2030,0.7
0.5444444444444444,2030,0.7
0.5472222222222223,2030,0.7
0.55,2030,0.7
3.577777777777778,2035,0.7
3.5805555555555557,2035,0.7
3.5833333333333335,2035,0.7
3.5861111111111112,2035,0.7
3.588888888888889,2035,0.7
3.591666666666667,2035,0.7
3.5944444444444446,2035,0.7
3.5972222222222223,2035,0.7
3.6,2035,0.7
3.602777777777778,2035,0.7
3.6055555555555556,2035,0.7
3.6083333333333334,2035,0.7
3.611111111111111,2035,0.7
3.613888888888889,2035,0.7
3.6166666666666667,2035,0.7
3.6194444444444445,2035,0.7
3.6222222222222222,2035,0.7
3.625,2035,0.7
3.6277777777777778,2035,0.7
3.6305555555555555,2035,0.7
3.6333333333333333,2035,0.7
3.636111111111111,2035,0.7
3.638888888888889,2035,0.7
3.6416666666666666,2035,0.7
3.6444444444444444,2035,0.7
3.647222222222222,2035,0.7
3.65,2035,0.7
3.6527777777777777,2035,0.7
3.6555555555555554,2035,0.7
3.658333333333333,2035,0.7
3.661111111111111,2035,0.7
3.6638888888888888,2035,0.7
3.6666666666666665,2035,0.7
3.6694444444444443,2035,0.7
3.672222222222222,2035,0.7
3.675,2035,0.7
3.6777777777777776,2035,0.7
3.6805555555555554,2035,0.7
3.683333333333333,2035,0.7
3.686111111111111,2035,0.7
3.688888888888889,2035,0.7
3.691666666666667,2035,0.7
3.6944444444444446,2035,0.7
3.6972222222222224,2035,0.7
3.7,2035,0.7
3.702777777777778,2035,0.7
3.7055555555555557,2035,0.7
3.7083333333333335,2035,0.7
3.7111111111111112,2035,0.7
3.713888888888889,2035,0.7
3.716666666666667,2035,0.7
3.7194444444444446,2035,0.7
3.7222222222222223,2035,0.7
3.725,2035,0.7
3.727777777777778,2035,0.7
3.7305555555555556,2035,0.7
3.7333333333333334,2035,0.7
3.736111111111111,2035,0.7
3.738888888888889,2035,0.7
3.7416666666666667,2035,0.7
3.7444444444444445,2035,0.7
3.7472222222222222,2035,0.7
3.75,2035,0.7
3.7527777777777778,2035,0.7
3.7555555555555555,2035,0.7
3.7583333333333333,2035,0.7
3.761111111111111,2035,0.7
3.763888888888889,2035,0.7
3.7666666666666666,2035,0.7
3.7694444444444444,2035,0.7
3.772222222222222,2035,0.7
3.775,2035,0.7
3.7777777777777777,2035,0.7
3.7805555555555554,2035,0.7
3.783333333333333,2035,0.7
3.786111111111111,2035,0.7
3.7888888888888888,2035,0.7
3.7916666666666665,2035,0.7
3.7944444444444443,2035,0.7
3.797222222222222,2035,0.7
3.8,2035,0.7
3.8027777777777776,2035,0.7
3.8055555555555554,2035,0.7
3.808333333333333,2035,0.7
3.811111111111111,2035,0.7
3.813888888888889,2035,0.7
3.816666666666667,2035,0.7
3.8194444444444446,2035,0.7
3.8222222222222224,2035,0.7
3.825,2035,0.7
3.827777777777778,2035,0.7
3.8305555555555557,2035,0.7
3.8333333333333335,2035,0.7
3.8361111111111112,2035,0.7
3.838888888888889,2035,0.7
3.841666666666667,2035,0.7
3.8444444444444446,2035,0.7
3.8472222222222223,2035,0.7
3.85,2035,0.7
3.852777777777778,2035,0.7
3.8555555555555556,2035,0.7
3.8583333333333334,2035,0.7
3.861111111111111,2035,0.7
3.863888888888889,2035,0.7
3.8666666666666667,2035,0.7
3.8694444444444445,2035,0.7
3.8722222222222222,2035,0.7
3.875,2035,0.7
3.8777777777777778,2035,0.7
3.8805555555555555,2035,0.7
3.8833333333333333,2035,0.7
3.886111111111111,2035,0.7
3.888888888888889,2035,0.7
3.8916666666666666,2035,0.7
3.8944444444444444,2035,0.7
3.897222222222222,2035,0.7
3.9,2035,0.7
3.9027777777777777,2035,0.7
3.9055555555555554,2035,0.7
3.908333333333333,2035,0.7
3.911111111111111,2035,0.7
3.9138888888888888,2035,0.7
3.9166666666666665,2035,0.7
3.9194444444444443,2035,0.7
3.922222222222222,2035,0.7
3.925,2035,0.7
3.9277777777777776,2035,0.7
3.9305555555555554,2035,0.7
3.933333333333333,2035,0.7
0.24166666666666667,2033,0.6
0.24444444444444444,2033,0.6
0.24722222222222223,2033,0.6
0.25,2033,0.6
0.25277777777777777,2033,0.6
0.25555555555555554,2033,0.6
0.25833333333333336,2033,0.6
0.2611111111111111,2033,0.6
0.2638888888888889,2033,0.6
0.26666666666666666,2033,0.6
0.26944444444444443,2033,0.6
0.2722222222222222,2033,0.6
0.275,2033,0.6
0.2777777777777778,2033,0.6
0.28055555555555556,2033,0.6
0.2833333333333333,2033,0.6
0.2861111111111111,2033,0.6
0.5527777777777778,2030,0.6
0.5555555555555556,2030,0.6
0.5583333333333333,2030,0.6
0.5611111111111111,2030,0.6
0.5638888888888889,2030,0.6
0.5666666666666667,2030,0.6
0.5694444444444444,2030,0.6
0.5722222222222222,2030,0.6
0.575,2030,0.6
0.5777777777777777,2030,0.6
3.936111111111111,2035,0.6
3.938888888888889,2035,0.6
3.941666666666667,2035,0.6
3.9444444444444446,2035,0.6
3.9472222222222224,2035,0.6
3.95,2035,0.6
3.952777777777778,2035,0.6
3.9555555555555557,2035,0.6
3.9583333333333335,2035,0.6
3.9611111111111112,2035,0.6
3.963888888888889,2035,0.6
3.966666666666667,2035,0.6
3.9694444444444446,2035,0.6
3.9722222222222223,2035,0.6
3.975,2035,0.6
3.977777777777778,2035,0.6
3.9805555555555556,2035,0.6
3.9833333333333334,2035,0.6
3.986111111111111,2035,0.6
3.988888888888889,2035,0.6
3.9916666666666667,2035,0.6
3.9944444444444445,2035,0.6
3.9972222222222222,2035,0.6
4,2035,0.6
4.002777777777778,2035,0.6
4.0055555555555555,2035,0.6
4.008333333333334,2035,0.6
4.011111111111111,2035,0.6
4.013888888888889,2035,0.6
4.016666666666667,2035,0.6
4.019444444444445,2035,0.6
4.022222222222222,2035,0.6
4.025,2035,0.6
4.027777777777778,2035,0.6
4.030555555555556,2035,0.6
4.033333333333333,2035,0.6
4.036111111111111,2035,0.6
4.038888888888889,2035,0.6
4.041666666666667,2035,0.6
4.044444444444444,2035,0.6
4.0472222222222225,2035,0.6
4.05,2035,0.6
4.052777777777778,2035,0.6
4.055555555555555,2035,0.6
4.058333333333334,2035,0.6
4.061111111111111,2035,0.6
4.063888888888889,2035,0.6
4.066666666666666,2035,0.6
4.069444444444445,2035,0.6
4.072222222222222,2035,0.6
4.075,2035,0.6
4.0777777777777775,2035,0.6
4.080555555555556,2035,0.6
4.083333333333333,2035,0.6
4.086111111111111,2035,0.6
4.088888888888889,2035,0.6
4.091666666666667,2035,0.6
4.094444444444444,2035,0.6
4.097222222222222,2035,0.6
4.1,2035,0.6
4.102777777777778,2035,0.6
4.105555555555555,2035,0.6
4.108333333333333,2035,0.6
4.111111111111111,2035,0.6
4.113888888888889,2035,0.6
4.116666666666666,2035,0.6
4.1194444444444445,2035,0.6
4.122222222222222,2035,0.6
4.125,2035,0.6
4.127777777777778,2035,0.6
4.1305555555555555,2035,0.6
4.133333333333334,2035,0.6
4.136111111111111,2035,0.6
4.138888888888889,2035,0.6
4.141666666666667,2035,0.6
4.144444444444445,2035,0.6
4.147222222222222,2035,0.6
4.15,2035,0.6
4.152777777777778,2035,0.6
4.155555555555556,2035,0.6
4.158333333333333,2035,0.6
4.161111111111111,2035,0.6
4.163888888888889,2035,0.6
4.166666666666667,2035,0.6
4.169444444444444,2035,0.6
4.1722222222222225,2035,0.6
4.175,2035,0.6
4.177777777777778,2035,0.6
4.180555555555555,2035,0.6
4.183333333333334,2035,0.6
4.186111111111111,2035,0.6
4.188888888888889,2035,0.6
4.191666666666666,2035,0.6
4.194444444444445,2035,0.6
4.197222222222222,2035,0.6
4.2,2035,0.6
4.2027777777777775,2035,0.6
4.205555555555556,2035,0.6
4.208333333333333,2035,0.6
4.211111111111111,2035,0.6
4.213888888888889,2035,0.6
4.216666666666667,2035,0.6
4.219444444444444,2035,0.6
4.222222222222222,2035,0.6
4.225,2035,0.6
4.227777777777778,2035,0.6
4.230555555555555,2035,0.6
4.233333333333333,2035,0.6
4.236111111111111,2035,0.6
4.238888888888889,2035,0.6
4.241666666666666,2035,0.6
4.2444444444444445,2035,0.6
4.247222222222222,2035,0.6
4.25,2035,0.6
4.252777777777778,2035,0.6
4.2555555555555555,2035,0.6
4.258333333333334,2035,0.6
4.261111111111111,2035,0.6
4.263888888888889,2035,0.6
4.266666666666667,2035,0.6
4.269444444444445,2035,0.6
4.272222222222222,2035,0.6
4.275,2035,0.6
4.277777777777778,2035,0.6
4.280555555555556,2035,0.6
4.283333333333333,2035,0.6
4.286111111111111,2035,0.6
4.288888888888889,2035,0.6
4.291666666666667,2035,0.6
4.294444444444444,2035,0.6
4.2972222222222225,2035,0.6
4.3,2035,0.6
4.302777777777778,2035,0.6
4.305555555555555,2035,0.6
4.308333333333334,2035,0.6
4.311111111111111,2035,0.6
4.313888888888889,2035,0.6
4.316666666666666,2035,0.6
4.319444444444445,2035,0.6
4.322222222222222,2035,0.6
4.325,2035,0.6
4.3277777777777775,2035,0.6
4.330555555555556,2035,0.6
4.333333333333333,2035,0.6
4.336111111111111,2035,0.6
4.338888888888889,2035,0.6
4.341666666666667,2035,0.6
4.344444444444444,2035,0.6
4.347222222222222,2035,0.6
4.35,2035,0.6
4.352777777777778,2035,0.6
4.355555555555555,2035,0.6
4.358333333333333,2035,0.6
4.361111111111111,2035,0.6
4.363888888888889,2035,0.6
4.366666666666666,2035,0.6
4.3694444444444445,2035,0.6
4.372222222222222,2035,0.6
4.375,2035,0.6
4.377777777777778,2035,0.6
4.3805555555555555,2035,0.6
4.383333333333334,2035,0.6
4.386111111111111,2035,0.6
4.388888888888889,2035,0.6
4.391666666666667,2035,0.6
4.394444444444445,2035,0.6
4.397222222222222,2035,0.6
4.4,2035,0.6
4.402777777777778,2035,0.6
4.405555555555556,2035,0.6
0.28888888888888886,2033,0.5
0.2916666666666667,2033,0.5
0.29444444444444445,2033,0.5
0.2972222222222222,2033,0.5
0.3,2033,0.5
0.30277777777777776,2033,0.5
0.3055555555555556,2033,0.5
0.30833333333333335,2033,0.5
0.3111111111111111,2033,0.5
0.3138888888888889,2033,0.5
0.31666666666666665,2033,0.5
0.3194444444444444,2033,0.5
0.5805555555555556,2030,0.5
0.5833333333333334,2030,0.5
0.5861111111111111,2030,0.5
0.5888888888888889,2030,0.5
0.5916666666666667,2030,0.5
0.5944444444444444,2030,0.5
0.5972222222222222,2030,0.5
0.6,2030,0.5
0.6027777777777777,2030,0.5
0.6055555555555555,2030,0.5
0.6083333333333333,2030,0.5
0.6111111111111112,2030,0.5
0.6138888888888889,2030,0.5
0.6166666666666667,2030,0.5
0.6194444444444445,2030,0.5
0.6222222222222222,2030,0.5
4.408333333333333,2035,0.5
4.411111111111111,2035,0.5
4.413888888888889,2035,0.5
4.416666666666667,2035,0.5
4.419444444444444,2035,0.5
4.4222222222222225,2035,0.5
4.425,2035,0.5
4.427777777777778,2035,0.5
4.430555555555555,2035,0.5
4.433333333333334,2035,0.5
4.436111111111111,2035,0.5
4.438888888888889,2035,0.5
4.441666666666666,2035,0.5
4.444444444444445,2035,0.5
4.447222222222222,2035,0.5
4.45,2035,0.5
4.4527777777777775,2035,0.5
4.455555555555556,2035,0.5
4.458333333333333,2035,0.5
4.461111111111111,2035,0.5
4.463888888888889,2035,0.5
4.466666666666667,2035,0.5
4.469444444444444,2035,0.5
4.472222222222222,2035,0.5
4.475,2035,0.5
4.477777777777778,2035,0.5
4.480555555555555,2035,0.5
4.483333333333333,2035,0.5
4.486111111111111,2035,0.5
4.488888888888889,2035,0.5
4.491666666666666,2035,0.5
4.4944444444444445,2035,0.5
4.497222222222222,2035,0.5
4.5,2035,0.5
4.502777777777778,2035,0.5
4.5055555555555555,2035,0.5
4.508333333333334,2035,0.5
4.511111111111111,2035,0.5
4.513888888888889,2035,0.5
4.516666666666667,2035,0.5
4.519444444444445,2035,0.5
4.522222222222222,2035,0.5
4.525,2035,0.5
4.527777777777778,2035,0.5
4.530555555555556,2035,0.5
4.533333333333333,2035,0.5
4.536111111111111,2035,0.5
4.538888888888889,2035,0.5
4.541666666666667,2035,0.5
4.544444444444444,2035,0.5
4.5472222222222225,2035,0.5
4.55,2035,0.5
4.552777777777778,2035,0.5
4.555555555555555,2035,0.5
4.558333333333334,2035,0.5
4.561111111111111,2035,0.5
4.563888888888889,2035,0.5
4.566666666666666,2035,0.5
4.569444444444445,2035,0.5
4.572222222222222,2035,0.5
4.575,2035,0.5
4.5777777777777775,2035,0.5
4.580555555555556,2035,0.5
4.583333333333333,2035,0.5
4.586111111111111,2035,0.5
4.588888888888889,2035,0.5
4.591666666666667,2035,0.5
4.594444444444444,2035,0.5
4.597222222222222,2035,0.5
4.6,2035,0.5
4.602777777777778,2035,0.5
4.605555555555555,2035,0.5
4.608333333333333,2035,0.5
4.611111111111111,2035,0.5
4.613888888888889,2035,0.5
4.616666666666666,2035,0.5
4.6194444444444445,2035,0.5
4.622222222222222,2035,0.5
4.625,2035,0.5
4.627777777777778,2035,0.5
4.6305555555555555,2035,0.5
4.633333333333334,2035,0.5
4.636111111111111,2035,0.5
4.638888888888889,2035,0.5
4.641666666666667,2035,0.5
4.644444444444445,2035,0.5
4.647222222222222,2035,0.5
4.65,2035,0.5
4.652777777777778,2035,0.5
4.655555555555556,2035,0.5
4.658333333333333,2035,0.5
4.661111111111111,2035,0.5
4.663888888888889,2035,0.5
4.666666666666667,2035,0.5
4.669444444444444,2035,0.5
4.6722222222222225,2035,0.5
4.675,2035,0.5
4.677777777777778,2035,0.5
4.680555555555555,2035,0.5
4.683333333333334,2035,0.5
4.686111111111111,2035,0.5
4.688888888888889,2035,0.5
4.691666666666666,2035,0.5
4.694444444444445,2035,0.5
4.697222222222222,2035,0.5
4.7,2035,0.5
4.7027777777777775,2035,0.5
4.705555555555556,2035,0.5
4.708333333333333,2035,0.5
4.711111111111111,2035,0.5
4.713888888888889,2035,0.5
4.716666666666667,2035,0.5
4.719444444444444,2035,0.5
4.722222222222222,2035,0.5
4.725,2035,0.5
4.727777777777778,2035,0.5
4.730555555555555,2035,0.5
4.733333333333333,2035,0.5
4.736111111111111,2035,0.5
4.738888888888889,2035,0.5
4.741666666666666,2035,0.5
4.7444444444444445,2035,0.5
4.747222222222222,2035,0.5
4.75,2035,0.5
4.752777777777778,2035,0.5
4.7555555555555555,2035,0.5
4.758333333333334,2035,0.5
4.761111111111111,2035,0.5
4.763888888888889,2035,0.5
4.766666666666667,2035,0.5
4.769444444444445,2035,0.5
4.772222222222222,2035,0.5
4.775,2035,0.5
4.777777777777778,2035,0.5
4.780555555555556,2035,0.5
4.783333333333333,2035,0.5
4.786111111111111,2035,0.5
4.788888888888889,2035,0.5
4.791666666666667,2035,0.5
4.794444444444444,2035,0.5
4.7972222222222225,2035,0.5
4.8,2035,0.5
4.802777777777778,2035,0.5
4.805555555555555,2035,0.5
4.808333333333334,2035,0.5
4.811111111111111,2035,0.5
4.813888888888889,2035,0.5
4.816666666666666,2035,0.5
4.819444444444445,2035,0.5
4.822222222222222,2035,0.5
4.825,2035,0.5
4.8277777777777775,2035,0.5
4.830555555555556,2035,0.5
4.833333333333333,2035,0.5
4.836111111111111,2035,0.5
4.838888888888889,2035,0.5
4.841666666666667,2035,0.5
4.844444444444444,2035,0.5
4.847222222222222,2035,0.5
4.85,2035,0.5
4.852777777777778,2035,0.5
4.855555555555555,2035,0.5
4.858333333333333,2035,0.5
4.861111111111111,2035,0.5
4.863888888888889,2035,0.5
4.866666666666666,2035,0.5
4.8694444444444445,2035,0.5
4.872222222222222,2035,0.5
4.875,2035,0.5
4.877777777777778,2035,0.5
4.8805555555555555,2035,0.5
4.883333333333334,2035,0.5
4.886111111111111,2035,0.5
4.888888888888889,2035,0.5
4.891666666666667,2035,0.5
4.894444444444445,2035,0.5
4.897222222222222,2035,0.5
4.9,2035,0.5
4.902777777777778,2035,0.5
0.32222222222222224,2033,0.4
0.325,2033,0.4
0.3277777777777778,2033,0.4
0.33055555555555555,2033,0.4
0.3333333333333333,2033,0.4
0.33611111111111114,2033,0.4
0.3388888888888889,2033,0.4
0.3416666666666667,2033,0.4
0.34444444444444444,2033,0.4
0.3472222222222222,2033,0.4
0.35,2033,0.4
0.3527777777777778,2033,0.4
0.35555555555555557,2033,0.4
0.35833333333333334,2033,0.4
0.3611111111111111,2033,0.4
0.625,2030,0.4
0.6277777777777778,2030,0.4
0.6305555555555555,2030,0.4
0.6333333333333333,2030,0.4
0.6361111111111111,2030,0.4
0.6388888888888888,2030,0.4
0.6416666666666667,2030,0.4
0.6444444444444445,2030,0.4
0.6472222222222223,2030,0.4
0.65,2030,0.4
0.6527777777777778,2030,0.4
0.6555555555555556,2030,0.4
0.6583333333333333,2030,0.4
4.905555555555556,2035,0.4
4.908333333333333,2035,0.4
4.911111111111111,2035,0.4
4.913888888888889,2035,0.4
4.916666666666667,2035,0.4
4.919444444444444,2035,0.4
4.9222222222222225,2035,0.4
4.925,2035,0.4
4.927777777777778,2035,0.4
4.930555555555555,2035,0.4
4.933333333333334,2035,0.4
4.936111111111111,2035,0.4
4.938888888888889,2035,0.4
4.941666666666666,2035,0.4
4.944444444444445,2035,0.4
4.947222222222222,2035,0.4
4.95,2035,0.4
4.9527777777777775,2035,0.4
4.955555555555556,2035,0.4
4.958333333333333,2035,0.4
4.961111111111111,2035,0.4
4.963888888888889,2035,0.4
4.966666666666667,2035,0.4
4.969444444444444,2035,0.4
4.972222222222222,2035,0.4
4.975,2035,0.4
4.977777777777778,2035,0.4
4.980555555555555,2035,0.4
4.983333333333333,2035,0.4
4.986111111111111,2035,0.4
4.988888888888889,2035,0.4
4.991666666666666,2035,0.4
4.9944444444444445,2035,0.4
4.997222222222222,2035,0.4
5,2035,0.4
5.002777777777778,2035,0.4
5.0055555555555555,2035,0.4
5.008333333333334,2035,0.4
5.011111111111111,2035,0.4
5.013888888888889,2035,0.4
5.016666666666667,2035,0.4
5.019444444444445,2035,0.4
5.022222222222222,2035,0.4
5.025,2035,0.4
5.027777777777778,2035,0.4
5.030555555555556,2035,0.4
5.033333333333333,2035,0.4
5.036111111111111,2035,0.4
5.038888888888889,2035,0.4
5.041666666666667,2035,0.4
5.044444444444444,2035,0.4
5.0472222222222225,2035,0.4
5.05,2035,0.4
5.052777777777778,2035,0.4
5.055555555555555,2035,0.4
5.058333333333334,2035,0.4
5.061111111111111,2035,0.4
5.063888888888889,2035,0.4
5.066666666666666,2035,0.4
5.069444444444445,2035,0.4
5.072222222222222,2035,0.4
5.075,2035,0.4
5.0777777777777775,2035,0.4
5.080555555555556,2035,0.4
5.083333333333333,2035,0.4
5.086111111111111,2035,0.4
5.088888888888889,2035,0.4
5.091666666666667,2035,0.4
5.094444444444444,2035,0.4
5.097222222222222,2035,0.4
5.1,2035,0.4
5.102777777777778,2035,0.4
5.105555555555555,2035,0.4
5.108333333333333,2035,0.4
5.111111111111111,2035,0.4
5.113888888888889,2035,0.4
5.116666666666666,2035,0.4
5.1194444444444445,2035,0.4
5.122222222222222,2035,0.4
5.125,2035,0.4
5.127777777777778,2035,0.4
5.1305555555555555,2035,0.4
5.133333333333334,2035,0.4
5.136111111111111,2035,0.4
5.138888888888889,2035,0.4
5.141666666666667,2035,0.4
5.144444444444445,2035,0.4
5.147222222222222,2035,0.4
5.15,2035,0.4
5.152777777777778,2035,0.4
5.155555555555556,2035,0.4
5.158333333333333,2035,0.4
5.161111111111111,2035,0.4
5.163888888888889,2035,0.4
5.166666666666667,2035,0.4
5.169444444444444,2035,0.4
5.1722222222222225,2035,0.4
5.175,2035,0.4
5.177777777777778,2035,0.4
5.180555555555555,2035,0.4
5.183333333333334,2035,0.4
5.186111111111111,2035,0.4
5.188888888888889,2035,0.4
5.191666666666666,2035,0.4
5.194444444444445,2035,0.4
5.197222222222222,2035,0.4
5.2,2035,0.4
5.2027777777777775,2035,0.4
5.205555555555556,2035,0.4
5.208333333333333,2035,0.4
5.211111111111111,2035,0.4
5.213888888888889,2035,0.4
5.216666666666667,2035,0.4
5.219444444444444,2035,0.4
5.222222222222222,2035,0.4
5.225,2035,0.4
5.227777777777778,2035,0.4
5.230555555555555,2035,0.4
5.233333333333333,2035,0.4
5.236111111111111,2035,0.4
5.238888888888889,2035,0.4
5.241666666666666,2035,0.4
5.2444444444444445,2035,0.4
5.247222222222222,2035,0.4
5.25,2035,0.4
5.252777777777778,2035,0.4
5.2555555555555555,2035,0.4
5.258333333333334,2035,0.4
5.261111111111111,2035,0.4
5.263888888888889,2035,0.4
5.266666666666667,2035,0.4
5.269444444444445,2035,0.4
5.272222222222222,2035,0.4
5.275,2035,0.4
5.277777777777778,2035,0.4
5.280555555555556,2035,0.4
5.283333333333333,2035,0.4
5.286111111111111,2035,0.4
5.288888888888889,2035,0.4
5.291666666666667,2035,0.4
5.294444444444444,2035,0.4
5.2972222222222225,2035,0.4
5.3,2035,0.4
5.302777777777778,2035,0.4
5.305555555555555,2035,0.4
5.308333333333334,2035,0.4
5.311111111111111,2035,0.4
5.313888888888889,2035,0.4
5.316666666666666,2035,0.4
5.319444444444445,2035,0.4
5.322222222222222,2035,0.4
5.325,2035,0.4
5.3277777777777775,2035,0.4
5.330555555555556,2035,0.4
5.333333333333333,2035,0.4
5.336111111111111,2035,0.4
5.338888888888889,2035,0.4
5.341666666666667,2035,0.4
5.344444444444444,2035,0.4
5.347222222222222,2035,0.4
5.35,2035,0.4
5.352777777777778,2035,0.4
5.355555555555555,2035,0.4
5.358333333333333,2035,0.4
5.361111111111111,2035,0.4
5.363888888888889,2035,0.4
5.366666666666666,2035,0.4
5.3694444444444445,2035,0.4
5.372222222222222,2035,0.4
5.375,2035,0.4
5.377777777777778,2035,0.4
5.3805555555555555,2035,0.4
5.383333333333334,2035,0.4
5.386111111111111,2035,0.4
5.388888888888889,2035,0.4
5.391666666666667,2035,0.4
5.394444444444445,2035,0.4
5.397222222222222,2035,0.4
0.3638888888888889,2033,0.3
0.36666666666666664,2033,0.3
0.36944444444444446,2033,0.3
0.37222222222222223,2033,0.3
0.375,2033,0.3
0.37777777777777777,2033,0.3
0.38055555555555554,2033,0.3
0.38333333333333336,2033,0.3
0.3861111111111111,2033,0.3
0.3888888888888889,2033,0.3
0.39166666666666666,2033,0.3
0.39444444444444443,2033,0.3
0.3972222222222222,2033,0.3
0.4,2033,0.3
0.4027777777777778,2033,0.3
0.40555555555555556,2033,0.3
0.4083333333333333,2033,0.3
0.4111111111111111,2033,0.3
0.6611111111111111,2030,0.3
0.6638888888888889,2030,0.3
0.6666666666666666,2030,0.3
0.6694444444444444,2030,0.3
0.6722222222222223,2030,0.3
0.675,2030,0.3
0.6777777777777778,2030,0.3
0.6805555555555556,2030,0.3
0.6833333333333333,2030,0.3
0.6861111111111111,2030,0.3
0.6888888888888889,2030,0.3
0.6916666666666667,2030,0.3
0.6944444444444444,2030,0.3
0.6972222222222222,2030,0.3
0.7,2030,0.3
0.7027777777777777,2030,0.3
0.7055555555555556,2030,0.3
0.7083333333333334,2030,0.3
5.4,2035,0.3
5.402777777777778,2035,0.3
5.405555555555556,2035,0.3
5.408333333333333,2035,0.3
5.411111111111111,2035,0.3
5.413888888888889,2035,0.3
5.416666666666667,2035,0.3
5.419444444444444,2035,0.3
5.4222222222222225,2035,0.3
5.425,2035,0.3
5.427777777777778,2035,0.3
5.430555555555555,2035,0.3
5.433333333333334,2035,0.3
5.436111111111111,2035,0.3
5.438888888888889,2035,0.3
5.441666666666666,2035,0.3
5.444444444444445,2035,0.3
5.447222222222222,2035,0.3
5.45,2035,0.3
5.4527777777777775,2035,0.3
5.455555555555556,2035,0.3
5.458333333333333,2035,0.3
5.461111111111111,2035,0.3
5.463888888888889,2035,0.3
5.466666666666667,2035,0.3
5.469444444444444,2035,0.3
5.472222222222222,2035,0.3
5.475,2035,0.3
5.477777777777778,2035,0.3
5.480555555555555,2035,0.3
5.483333333333333,2035,0.3
5.486111111111111,2035,0.3
5.488888888888889,2035,0.3
5.491666666666666,2035,0.3
5.4944444444444445,2035,0.3
5.497222222222222,2035,0.3
5.5,2035,0.3
5.502777777777778,2035,0.3
5.5055555555555555,2035,0.3
5.508333333333334,2035,0.3
5.511111111111111,2035,0.3
5.513888888888889,2035,0.3
5.516666666666667,2035,0.3
5.519444444444445,2035,0.3
5.522222222222222,2035,0.3
5.525,2035,0.3
5.527777777777778,2035,0.3
5.530555555555556,2035,0.3
5.533333333333333,2035,0.3
5.536111111111111,2035,0.3
5.538888888888889,2035,0.3
5.541666666666667,2035,0.3
5.544444444444444,2035,0.3
5.5472222222222225,2035,0.3
5.55,2035,0.3
5.552777777777778,2035,0.3
5.555555555555555,2035,0.3
5.558333333333334,2035,0.3
5.561111111111111,2035,0.3
5.563888888888889,2035,0.3
5.566666666666666,2035,0.3
5.569444444444445,2035,0.3
5.572222222222222,2035,0.3
5.575,2035,0.3
5.5777777777777775,2035,0.3
5.580555555555556,2035,0.3
5.583333333333333,2035,0.3
5.586111111111111,2035,0.3
5.588888888888889,2035,0.3
5.591666666666667,2035,0.3
5.594444444444444,2035,0.3
5.597222222222222,2035,0.3
5.6,2035,0.3
5.602777777777778,2035,0.3
5.605555555555555,2035,0.3
5.608333333333333,2035,0.3
5.611111111111111,2035,0.3
5.613888888888889,2035,0.3
5.616666666666666,2035,0.3
5.6194444444444445,2035,0.3
5.622222222222222,2035,0.3
5.625,2035,0.3
5.627777777777778,2035,0.3
5.6305555555555555,2035,0.3
5.633333333333334,2035,0.3
5.636111111111111,2035,0.3
5.638888888888889,2035,0.3
5.641666666666667,2035,0.3
5.644444444444445,2035,0.3
5.647222222222222,2035,0.3
5.65,2035,0.3
5.652777777777778,2035,0.3
5.655555555555556,2035,0.3
5.658333333333333,2035,0.3
5.661111111111111,2035,0.3
5.663888888888889,2035,0.3
5.666666666666667,2035,0.3
5.669444444444444,2035,0.3
5.6722222222222225,2035,0.3
5.675,2035,0.3
5.677777777777778,2035,0.3
5.680555555555555,2035,0.3
5.683333333333334,2035,0.3
5.686111111111111,2035,0.3
5.688888888888889,2035,0.3
5.691666666666666,2035,0.3
5.694444444444445,2035,0.3
5.697222222222222,2035,0.3
5.7,2035,0.3
5.7027777777777775,2035,0.3
5.705555555555556,2035,0.3
5.708333333333333,2035,0.3
5.711111111111111,2035,0.3
5.713888888888889,2035,0.3
5.716666666666667,2035,0.3
5.719444444444444,2035,0.3
5.722222222222222,2035,0.3
5.725,2035,0.3
5.727777777777778,2035,0.3
5.730555555555555,2035,0.3
5.733333333333333,2035,0.3
5.736111111111111,2035,0.3
5.738888888888889,2035,0.3
5.741666666666666,2035,0.3
5.7444444444444445,2035,0.3
5.747222222222222,2035,0.3
5.75,2035,0.3
5.752777777777778,2035,0.3
5.7555555555555555,2035,0.3
5.758333333333334,2035,0.3
5.761111111111111,2035,0.3
5.763888888888889,2035,0.3
5.766666666666667,2035,0.3
5.769444444444445,2035,0.3
5.772222222222222,2035,0.3
5.775,2035,0.3
5.777777777777778,2035,0.3
5.780555555555556,2035,0.3
5.783333333333333,2035,0.3
5.786111111111111,2035,0.3
5.788888888888889,2035,0.3
5.791666666666667,2035,0.3
5.794444444444444,2035,0.3
5.7972222222222225,2035,0.3
5.8,2035,0.3
5.802777777777778,2035,0.3
5.805555555555555,2035,0.3
5.808333333333334,2035,0.3
5.811111111111111,2035,0.3
5.813888888888889,2035,0.3
5.816666666666666,2035,0.3
5.819444444444445,2035,0.3
5.822222222222222,2035,0.3
5.825,2035,0.3
5.8277777777777775,2035,0.3
5.830555555555556,2035,0.3
5.833333333333333,2035,0.3
5.836111111111111,2035,0.3
5.838888888888889,2035,0.3
5.841666666666667,2035,0.3
5.844444444444444,2035,0.3
5.847222222222222,2035,0.3
5.85,2035,0.3
5.852777777777778,2035,0.3
5.855555555555555,2035,0.3
5.858333333333333,2035,0.3
5.861111111111111,2035,0.3
5.863888888888889,2035,0.3
5.866666666666666,2035,0.3
5.8694444444444445,2035,0.3
5.872222222222222,2035,0.3
5.875,2035,0.3
5.877777777777778,2035,0.3
5.8805555555555555,2035,0.3
5.883333333333334,2035,0.3
5.886111111111111,2035,0.3
5.888888888888889,2035,0.3
5.891666666666667,2035,0.3
5.894444444444445,2035,0.3
5.897222222222222,2035,0.3
5.9,2035,0.3
5.902777777777778,2035,0.3
5.905555555555556,2035,0.3
5.908333333333333,2035,0.3
5.911111111111111,2035,0.3
5.913888888888889,2035,0.3
5.916666666666667,2035,0.3
5.919444444444444,2035,0.3
5.9222222222222225,2035,0.3
5.925,2035,0.3
5.927777777777778,2035,0.3
5.930555555555555,2035,0.3
5.933333333333334,2035,0.3
5.936111111111111,2035,0.3
5.938888888888889,2035,0.3
5.941666666666666,2035,0.3
5.944444444444445,2035,0.3
5.947222222222222,2035,0.3
5.95,2035,0.3
5.9527777777777775,2035,0.3
5.955555555555556,2035,0.3
5.958333333333333,2035,0.3
5.961111111111111,2035,0.3
5.963888888888889,2035,0.3
5.966666666666667,2035,0.3
5.969444444444444,2035,0.3
5.972222222222222,2035,0.3
5.975,2035,0.3
5.977777777777778,2035,0.3
5.980555555555555,2035,0.3
5.983333333333333,2035,0.3
5.986111111111111,2035,0.3
5.988888888888889,2035,0.3
5.991666666666666,2035,0.3
5.9944444444444445,2035,0.3
5.997222222222222,2035,0.3
6,2035,0.3
6.002777777777778,2035,0.3
6.0055555555555555,2035,0.3
6.008333333333334,2035,0.3
6.011111111111111,2035,0.3
6.013888888888889,2035,0.3
6.016666666666667,2035,0.3
6.019444444444445,2035,0.3
6.022222222222222,2035,0.3
6.025,2035,0.3
6.027777777777778,2035,0.3
6.030555555555556,2035,0.3
6.033333333333333,2035,0.3
6.036111111111111,2035,0.3
6.038888888888889,2035,0.3
6.041666666666667,2035,0.3
6.044444444444444,2035,0.3
6.0472222222222225,2035,0.3
6.05,2035,0.3
6.052777777777778,2035,0.3
0.41388888888888886,2033,0.2
0.4166666666666667,2033,0.2
0.41944444444444445,2033,0.2
0.4222222222222222,2033,0.2
0.425,2033,0.2
0.42777777777777776,2033,0.2
0.4305555555555556,2033,0.2
0.43333333333333335,2033,0.2
0.4361111111111111,2033,0.2
0.4388888888888889,2033,0.2
0.7111111111111111,2030,0.2
0.7138888888888889,2030,0.2
0.7166666666666667,2030,0.2
0.7194444444444444,2030,0.2
0.7222222222222222,2030,0.2
0.725,2030,0.2
0.7277777777777777,2030,0.2
0.7305555555555555,2030,0.2
0.7333333333333333,2030,0.2
0.7361111111111112,2030,0.2
0.7388888888888889,2030,0.2
0.7416666666666667,2030,0.2
0.7444444444444445,2030,0.2
0.7472222222222222,2030,0.2
0.75,2030,0.2
6.055555555555555,2035,0.2
6.058333333333334,2035,0.2
6.061111111111111,2035,0.2
6.063888888888889,2035,0.2
6.066666666666666,2035,0.2
6.069444444444445,2035,0.2
6.072222222222222,2035,0.2
6.075,2035,0.2
6.0777777777777775,2035,0.2
6.080555555555556,2035,0.2
6.083333333333333,2035,0.2
6.086111111111111,2035,0.2
6.088888888888889,2035,0.2
6.091666666666667,2035,0.2
6.094444444444444,2035,0.2
6.097222222222222,2035,0.2
6.1,2035,0.2
6.102777777777778,2035,0.2
6.105555555555555,2035,0.2
6.108333333333333,2035,0.2
6.111111111111111,2035,0.2
6.113888888888889,2035,0.2
6.116666666666666,2035,0.2
6.1194444444444445,2035,0.2
6.122222222222222,2035,0.2
6.125,2035,0.2
6.127777777777778,2035,0.2
6.1305555555555555,2035,0.2
6.133333333333334,2035,0.2
6.136111111111111,2035,0.2
6.138888888888889,2035,0.2
6.141666666666667,2035,0.2
6.144444444444445,2035,0.2
6.147222222222222,2035,0.2
6.15,2035,0.2
6.152777777777778,2035,0.2
6.155555555555556,2035,0.2
6.158333333333333,2035,0.2
6.161111111111111,2035,0.2
6.163888888888889,2035,0.2
6.166666666666667,2035,0.2
6.169444444444444,2035,0.2
6.1722222222222225,2035,0.2
6.175,2035,0.2
6.177777777777778,2035,0.2
6.180555555555555,2035,0.2
6.183333333333334,2035,0.2
6.186111111111111,2035,0.2
6.188888888888889,2035,0.2
6.191666666666666,2035,0.2
6.194444444444445,2035,0.2
6.197222222222222,2035,0.2
6.2,2035,0.2
6.2027777777777775,2035,0.2
6.205555555555556,2035,0.2
6.208333333333333,2035,0.2
6.211111111111111,2035,0.2
6.213888888888889,2035,0.2
6.216666666666667,2035,0.2
6.219444444444444,2035,0.2
6.222222222222222,2035,0.2
6.225,2035,0.2
6.227777777777778,2035,0.2
6.230555555555555,2035,0.2
6.233333333333333,2035,0.2
6.236111111111111,2035,0.2
6.238888888888889,2035,0.2
6.241666666666666,2035,0.2
6.2444444444444445,2035,0.2
6.247222222222222,2035,0.2
6.25,2035,0.2
6.252777777777778,2035,0.2
6.2555555555555555,2035,0.2
6.258333333333334,2035,0.2
6.261111111111111,2035,0.2
6.263888888888889,2035,0.2
6.266666666666667,2035,0.2
6.269444444444445,2035,0.2
6.272222222222222,2035,0.2
6.275,2035,0.2
6.277777777777778,2035,0.2
6.280555555555556,2035,0.2
6.283333333333333,2035,0.2
6.286111111111111,2035,0.2
6.288888888888889,2035,0.2
6.291666666666667,2035,0.2
6.294444444444444,2035,0.2
6.2972222222222225,2035,0.2
6.3,2035,0.2
6.302777777777778,2035,0.2
6.305555555555555,2035,0.2
6.308333333333334,2035,0.2
6.311111111111111,2035,0.2
6.313888888888889,2035,0.2
6.316666666666666,2035,0.2
6.319444444444445,2035,0.2
6.322222222222222,2035,0.2
6.325,2035,0.2
6.3277777777777775,2035,0.2
6.330555555555556,2035,0.2
6.333333333333333,2035,0.2
6.336111111111111,2035,0.2
6.338888888888889,2035,0.2
6.341666666666667,2035,0.2
6.344444444444444,2035,0.2
6.347222222222222,2035,0.2
6.35,2035,0.2
6.352777777777778,2035,0.2
6.355555555555555,2035,0.2
6.358333333333333,2035,0.2
6.361111111111111,2035,0.2
6.363888888888889,2035,0.2
6.366666666666666,2035,0.2
6.3694444444444445,2035,0.2
6.372222222222222,2035,0.2
6.375,2035,0.2
6.377777777777778,2035,0.2
6.3805555555555555,2035,0.2
6.383333333333334,2035,0.2
6.386111111111111,2035,0.2
6.388888888888889,2035,0.2
6.391666666666667,2035,0.2
6.394444444444445,2035,0.2
6.397222222222222,2035,0.2
6.4,2035,0.2
6.402777777777778,2035,0.2
6.405555555555556,2035,0.2
6.408333333333333,2035,0.2
6.411111111111111,2035,0.2
6.413888888888889,2035,0.2
6.416666666666667,2035,0.2
6.419444444444444,2035,0.2
6.4222222222222225,2035,0.2
6.425,2035,0.2
6.427777777777778,2035,0.2
6.430555555555555,2035,0.2
6.433333333333334,2035,0.2
6.436111111111111,2035,0.2
6.438888888888889,2035,0.2
6.441666666666666,2035,0.2
6.444444444444445,2035,0.2
6.447222222222222,2035,0.2
6.45,2035,0.2
6.4527777777777775,2035,0.2
6.455555555555556,2035,0.2
6.458333333333333,2035,0.2
6.461111111111111,2035,0.2
6.463888888888889,2035,0.2
6.466666666666667,2035,0.2
6.469444444444444,2035,0.2
6.472222222222222,2035,0.2
6.475,2035,0.2
6.477777777777778,2035,0.2
6.480555555555555,2035,0.2
6.483333333333333,2035,0.2
6.486111111111111,2035,0.2
6.488888888888889,2035,0.2
6.491666666666666,2035,0.2
6.4944444444444445,2035,0.2
6.497222222222222,2035,0.2
6.5,2035,0.2
6.502777777777778,2035,0.2
6.5055555555555555,2035,0.2
6.508333333333334,2035,0.2
6.511111111111111,2035,0.2
6.513888888888889,2035,0.2
6.516666666666667,2035,0.2
6.519444444444445,2035,0.2
6.522222222222222,2035,0.2
6.525,2035,0.2
6.527777777777778,2035,0.2
6.530555555555556,2035,0.2
6.533333333333333,2035,0.2
6.536111111111111,2035,0.2
6.538888888888889,2035,0.2
6.541666666666667,2035,0.2
6.544444444444444,2035,0.2
6.5472222222222225,2035,0.2
6.55,2035,0.2
6.552777777777778,2035,0.2
6.555555555555555,2035,0.2
6.558333333333334,2035,0.2
6.561111111111111,2035,0.2
6.563888888888889,2035,0.2
6.566666666666666,2035,0.2
6.569444444444445,2035,0.2
6.572222222222222,2035,0.2
6.575,2035,0.2
6.5777777777777775,2035,0.2
6.580555555555556,2035,0.2
6.583333333333333,2035,0.2
,2030,0.1
0.44166666666666665,2033,0.1
0.4444444444444444,2033,0.1
0.44722222222222224,2033,0.1
0.45,2033,0.1
0.4527777777777778,2033,0.1
0.45555555555555555,2033,0.1
0.4583333333333333,2033,0.1
0.46111111111111114,2033,0.1
0.4638888888888889,2033,0.1
0.4666666666666667,2033,0.1
0.46944444444444444,2033,0.1
0.4722222222222222,2033,0.1
0.475,2033,0.1
0.4777777777777778,2033,0.1
0.48055555555555557,2033,0.1
0.48333333333333334,2033,0.1
0.4861111111111111,2033,0.1
0.4888888888888889,2033,0.1
0.49166666666666664,2033,0.1
0.49444444444444446,2033,0.1
0.49722222222222223,2033,0.1
0.5,2033,0.1
0.5027777777777778,2033,0.1
0.5055555555555555,2033,0.1
0.7527777777777778,2030,0.1
0.7555555555555555,2030,0.1
0.7583333333333333,2030,0.1
0.7611111111111111,2030,0.1
0.7638888888888888,2030,0.1
0.7666666666666667,2030,0.1
0.7694444444444445,2030,0.1
0.7722222222222223,2030,0.1
0.775,2030,0.1
0.7777777777777778,2030,0.1
0.7805555555555556,2030,0.1
0.7833333333333333,2030,0.1
0.7861111111111111,2030,0.1
0.7888888888888889,2030,0.1
0.7916666666666666,2030,0.1
0.7944444444444444,2030,0.1
0.7972222222222223,2030,0.1
0.8,2030,0.1
0.8027777777777778,2030,0.1
0.8055555555555556,2030,0.1
0.8083333333333333,2030,0.1
0.8111111111111111,2030,0.1
0.8138888888888889,2030,0.1
0.8166666666666667,2030,0.1
0.8194444444444444,2030,0.1
0.8222222222222222,2030,0.1
0.825,2030,0.1
0.8277777777777777,2030,0.1
0.8305555555555556,2030,0.1
0.8333333333333334,2030,0.1
0.8361111111111111,2030,0.1
0.8388888888888889,2030,0.1
0.8416666666666667,2030,0.1
0.8444444444444444,2030,0.1
0.8472222222222222,2030,0.1
6.586111111111111,2035,0.1
6.588888888888889,2035,0.1
6.591666666666667,2035,0.1
6.594444444444444,2035,0.1
6.597222222222222,2035,0.1
6.6,2035,0.1
6.602777777777778,2035,0.1
6.605555555555555,2035,0.1
6.608333333333333,2035,0.1
6.611111111111111,2035,0.1
6.613888888888889,2035,0.1
6.616666666666666,2035,0.1
6.6194444444444445,2035,0.1
6.622222222222222,2035,0.1
6.625,2035,0.1
6.627777777777778,2035,0.1
6.6305555555555555,2035,0.1
6.633333333333334,2035,0.1
6.636111111111111,2035,0.1
6.638888888888889,2035,0.1
6.641666666666667,2035,0.1
6.644444444444445,2035,0.1
6.647222222222222,2035,0.1
6.65,2035,0.1
6.652777777777778,2035,0.1
6.655555555555556,2035,0.1
6.658333333333333,2035,0.1
6.661111111111111,2035,0.1
6.663888888888889,2035,0.1
6.666666666666667,2035,0.1
6.669444444444444,2035,0.1
6.6722222222222225,2035,0.1
6.675,2035,0.1
6.677777777777778,2035,0.1
6.680555555555555,2035,0.1
6.683333333333334,2035,0.1
6.686111111111111,2035,0.1
6.688888888888889,2035,0.1
6.691666666666666,2035,0.1
6.694444444444445,2035,0.1
6.697222222222222,2035,0.1
6.7,2035,0.1
6.7027777777777775,2035,0.1
6.705555555555556,2035,0.1
6.708333333333333,2035,0.1
6.711111111111111,2035,0.1
6.713888888888889,2035,0.1
6.716666666666667,2035,0.1
6.719444444444444,2035,0.1
6.722222222222222,2035,0.1
6.725,2035,0.1
6.727777777777778,2035,0.1
6.730555555555555,2035,0.1
6.733333333333333,2035,0.1
6.736111111111111,2035,0.1
6.738888888888889,2035,0.1
6.741666666666666,2035,0.1
6.7444444444444445,2035,0.1
6.747222222222222,2035,0.1
6.75,2035,0.1
6.752777777777778,2035,0.1
6.7555555555555555,2035,0.1
6.758333333333334,2035,0.1
6.761111111111111,2035,0.1
6.763888888888889,2035,0.1
6.766666666666667,2035,0.1
6.769444444444445,2035,0.1
6.772222222222222,2035,0.1
6.775,2035,0.1
6.777777777777778,2035,0.1
6.780555555555556,2035,0.1
6.783333333333333,2035,0.1
6.786111111111111,2035,0.1
6.788888888888889,2035,0.1
6.791666666666667,2035,0.1
6.794444444444444,2035,0.1
6.7972222222222225,2035,0.1
6.8,2035,0.1
6.802777777777778,2035,0.1
6.805555555555555,2035,0.1
6.808333333333334,2035,0.1
6.811111111111111,2035,0.1
6.813888888888889,2035,0.1
6.816666666666666,2035,0.1
6.819444444444445,2035,0.1
6.822222222222222,2035,0.1
6.825,2035,0.1
6.8277777777777775,2035,0.1
6.830555555555556,2035,0.1
6.833333333333333,2035,0.1
6.836111111111111,2035,0.1
6.838888888888889,2035,0.1
6.841666666666667,2035,0.1
6.844444444444444,2035,0.1
6.847222222222222,2035,0.1
6.85,2035,0.1
6.852777777777778,2035,0.1
6.855555555555555,2035,0.1
6.858333333333333,2035,0.1
6.861111111111111,2035,0.1
6.863888888888889,2035,0.1
6.866666666666666,2035,0.1
6.8694444444444445,2035,0.1
6.872222222222222,2035,0.1
6.875,2035,0.1
6.877777777777778,2035,0.1
6.8805555555555555,2035,0.1
6.883333333333334,2035,0.1
6.886111111111111,2035,0.1
6.888888888888889,2035,0.1
6.891666666666667,2035,0.1
6.894444444444445,2035,0.1
6.897222222222222,2035,0.1
6.9,2035,0.1
6.902777777777778,2035,0.1
6.905555555555556,2035,0.1
6.908333333333333,2035,0.1
6.911111111111111,2035,0.1
6.913888888888889,2035,0.1
6.916666666666667,2035,0.1
6.919444444444444,2035,0.1
6.9222222222222225,2035,0.1
6.925,2035,0.1
6.927777777777778,2035,0.1
6.930555555555555,2035,0.1
6.933333333333334,2035,0.1
6.936111111111111,2035,0.1
6.938888888888889,2035,0.1
6.941666666666666,2035,0.1
6.944444444444445,2035,0.1
6.947222222222222,2035,0.1
6.95,2035,0.1
6.9527777777777775,2035,0.1
6.955555555555556,2035,0.1
6.958333333333333,2035,0.1
6.961111111111111,2035,0.1
6.963888888888889,2035,0.1
6.966666666666667,2035,0.1
6.969444444444444,2035,0.1
6.972222222222222,2035,0.1
6.975,2035,0.1
6.977777777777778,2035,0.1
6.980555555555555,2035,0.1
6.983333333333333,2035,0.1
6.986111111111111,2035,0.1
6.988888888888889,2035,0.1
6.991666666666666,2035,0.1
6.9944444444444445,2035,0.1
6.997222222222222,2035,0.1
7,2035,0.1
7.002777777777778,2035,0.1
7.0055555555555555,2035,0.1
7.008333333333334,2035,0.1
7.011111111111111,2035,0.1
7.013888888888889,2035,0.1
7.016666666666667,2035,0.1
7.019444444444445,2035,0.1
7.022222222222222,2035,0.1
7.025,2035,0.1
7.027777777777778,2035,0.1
7.030555555555556,2035,0.1
7.033333333333333,2035,0.1
7.036111111111111,2035,0.1
7.038888888888889,2035,0.1
7.041666666666667,2035,0.1
7.044444444444444,2035,0.1
7.0472222222222225,2035,0.1
7.05,2035,0.1
7.052777777777778,2035,0.1
7.055555555555555,2035,0.1
7.058333333333334,2035,0.1
7.061111111111111,2035,0.1
7.063888888888889,2035,0.1
7.066666666666666,2035,0.1
7.069444444444445,2035,0.1
7.072222222222222,2035,0.1
7.075,2035,0.1
7.0777777777777775,2035,0.1
7.080555555555556,2035,0.1
7.083333333333333,2035,0.1
7.086111111111111,2035,0.1
7.088888888888889,2035,0.1
7.091666666666667,2035,0.1
7.094444444444444,2035,0.1
7.097222222222222,2035,0.1
7.1,2035,0.1
7.102777777777778,2035,0.1
7.105555555555555,2035,0.1
7.108333333333333,2035,0.1
7.111111111111111,2035,0.1
7.113888888888889,2035,0.1
7.116666666666666,2035,0.1
7.1194444444444445,2035,0.1
7.122222222222222,2035,0.1
7.125,2035,0.1
7.127777777777778,2035,0.1
7.1305555555555555,2035,0.1
7.133333333333334,2035,0.1
7.136111111111111,2035,0.1
7.138888888888889,2035,0.1
7.141666666666667,2035,0.1
7.144444444444445,2035,0.1
7.147222222222222,2035,0.1
7.15,2035,0.1
7.152777777777778,2035,0.1
7.155555555555556,2035,0.1
7.158333333333333,2035,0.1
7.161111111111111,2035,0.1
7.163888888888889,2035,0.1
7.166666666666667,2035,0.1
7.169444444444444,2035,0.1
7.1722222222222225,2035,0.1
7.175,2035,0.1
7.177777777777778,2035,0.1
7.180555555555555,2035,0.1
7.183333333333334,2035,0.1
7.186111111111111,2035,0.1
7.188888888888889,2035,0.1
7.191666666666666,2035,0.1
7.194444444444445,2035,0.1
7.197222222222222,2035,0.1
7.2,2035,0.1
7.2027777777777775,2035,0.1
7.205555555555556,2035,0.1
7.208333333333333,2035,0.1
7.211111111111111,2035,0.1
7.213888888888889,2035,0.1
7.216666666666667,2035,0.1
7.219444444444444,2035,0.1
7.222222222222222,2035,0.1
7.225,2035,0.1
7.227777777777778,2035,0.1
7.230555555555555,2035,0.1
7.233333333333333,2035,0.1
7.236111111111111,2035,0.1
7.238888888888889,2035,0.1
7.241666666666666,2035,0.1
7.2444444444444445,2035,0.1
7.247222222222222,2035,0.1
7.25,2035,0.1
7.252777777777778,2035,0.1
7.2555555555555555,2035,0.1
7.258333333333334,2035,0.1
7.261111111111111,2035,0.1
7.263888888888889,2035,0.1
7.266666666666667,2035,0.1
7.269444444444445,2035,0.1
7.272222222222222,2035,0.1
7.275,2035,0.1
7.277777777777778,2035,0.1
7.280555555555556,2035,0.1
7.283333333333333,2035,0.1
7.286111111111111,2035,0.1
7.288888888888889,2035,0.1
7.291666666666667,2035,0.1
7.294444444444444,2035,0.1
7.2972222222222225,2035,0.1
7.3,2035,0.1
7.302777777777778,2035,0.1
7.305555555555555,2035,0.1
7.308333333333334,2035,0.1
7.311111111111111,2035,0.1
7.313888888888889,2035,0.1
7.316666666666666,2035,0.1
7.319444444444445,2035,0.1
7.322222222222222,2035,0.1
7.325,2035,0.1
7.3277777777777775,2035,0.1
7.330555555555556,2035,0.1
7.333333333333333,2035,0.1
0.5083333333333333,2033,0
0.5111111111111111,2033,0
0.85,2030,0
0.8527777777777777,2030,0
0.8555555555555555,2030,0
0.8583333333333333,2030,0
0.8611111111111112,2030,0
0.8638888888888889,2030,0
0.8666666666666667,2030,0
0.8694444444444445,2030,0
0.8722222222222222,2030,0
0.875,2030,0
0.8777777777777778,2030,0
0.8805555555555555,2030,0
0.8833333333333333,2030,0
0.8861111111111111,2030,0
0.8888888888888888,2030,0
0.8916666666666667,2030,0
0.8944444444444445,2030,0
7.336111111111111,2035,0
7.338888888888889,2035,0
7.341666666666667,2035,0
7.344444444444444,2035,0
7.347222222222222,2035,0
7.35,2035,0
7.352777777777778,2035,0
7.355555555555555,2035,0
7.358333333333333,2035,0
7.361111111111111,2035,0
7.363888888888889,2035,0
7.366666666666666,2035,0
7.3694444444444445,2035,0
7.372222222222222,2035,0
7.375,2035,0
7.377777777777778,2035,0
7.3805555555555555,2035,0
7.383333333333334,2035,0
7.386111111111111,2035,0
7.388888888888889,2035,0
7.391666666666667,2035,0
7.394444444444445,2035,0
7.397222222222222,2035,0
7.4,2035,0
7.402777777777778,2035,0
7.405555555555556,2035,0
7.408333333333333,2035,0
7.411111111111111,2035,0
7.413888888888889,2035,0
7.416666666666667,2035,0
7.419444444444444,2035,0
7.4222222222222225,2035,0
7.425,2035,0
7.427777777777778,2035,0
7.430555555555555,2035,0
7.433333333333334,2035,0
7.436111111111111,2035,0
7.438888888888889,2035,0
7.441666666666666,2035,0
7.444444444444445,2035,0
7.447222222222222,2035,0
7.45,2035,0
7.4527777777777775,2035,0
7.455555555555556,2035,0
7.458333333333333,2035,0
7.461111111111111,2035,0
7.463888888888889,2035,0
7.466666666666667,2035,0
7.469444444444444,2035,0
7.472222222222222,2035,0
7.475,2035,0
7.477777777777778,2035,0
7.480555555555555,2035,0
7.483333333333333,2035,0
7.486111111111111,2035,0
7.488888888888889,2035,0
7.491666666666666,2035,0
7.4944444444444445,2035,0
7.497222222222222,2035,0
7.5,2035,0
7.502777777777778,2035,0
7.5055555555555555,2035,0
7.508333333333334,2035,0
7.511111111111111,2035,0
7.513888888888889,2035,0
